image_id,class
H_206.JPG,H
J_130.jpg,J
U_61.jpg,U
H_36.JPG,H
J_58.jpg,J
3_161.JPG,3
Q_64.jpg,Q
Y_95.jpg,Y
7_194.jpg,7
C_87.jpg,C
T_114.jpg,T
Z_187.JPG,Z
F_79.jpg,F
N_131.JPG,N
R_68.jpg,R
7_78.jpg,7
J_19.jpg,J
4_112.jpg,4
V_81.jpg,V
Q_143.jpg,Q
H_57.JPG,H
3_166.JPG,3
Z_121.jpg,Z
J_8.jpg,J
5_118.jpg,5
7_93.jpg,7
0_129.JPG,0
U_186.jpg,U
B_116.jpg,B
6_108.jpg,6
3_110.jpg,3
W_36.jpg,W
4_149.jpg,4
Y_84.jpg,Y
9_115.jpg,9
U_182.jpg,U
H_9.JPG,H
I_31.jpg,I
1_189.JPG,1
P_125.jpg,P
F_90.jpg,F
R_87.jpg,R
Y_156.jpg,Y
Y_134.jpg,Y
E_109.jpg,E
X_117.jpg,X
I_212.JPG,I
3_152.jpg,3
K_178.jpg,K
N_89.jpg,N
P_75.jpg,P
0_146.JPG,0
I_70.jpg,I
I_114.jpg,I
U_253.jpg,U
P_183.JPG,P
S_276.jpg,S
9_52.jpg,9
G_55.jpg,G
N_147.JPG,N
N_162.JPG,N
P_149.JPG,P
8_7.jpg,8
P_130.JPG,P
Q_72.jpg,Q
9_13.jpg,9
T_131.jpg,T
3_109.jpg,3
X_161.JPG,X
5_60.jpg,5
4_54.jpg,4
G_220.jpg,G
D_70.jpg,D
A_78.jpg,A
R_139.jpg,R
K_46.jpg,K
C_7.jpg,C
5_191.jpg,5
E_51.jpg,E
S_115.jpg,S
G_36.jpg,G
G_112.jpg,G
1_64.jpg,1
0_90.jpg,0
G_0.jpg,G
6_158.jpg,6
B_76.jpg,B
H_161.JPG,H
S_133.jpg,S
I_136.JPG,I
1_24.jpg,1
9_82.jpg,9
V_13.jpg,V
R_13.jpg,R
4_195.jpg,4
Y_41.jpg,Y
A_29.jpg,A
9_108.jpg,9
5_199.jpg,5
T_91.jpg,T
6_145.jpg,6
S_250.jpg,S
9_38.jpg,9
W_149.jpg,W
6_55.jpg,6
S_239.jpg,S
E_195.jpg,E
3_28.jpg,3
9_69.jpg,9
W_51.jpg,W
U_111.jpg,U
J_136.jpg,J
I_226.JPG,I
P_82.jpg,P
9_32.jpg,9
M_96.jpg,M
F_47.jpg,F
U_236.jpg,U
J_73.jpg,J
M_30.jpg,M
S_88.jpg,S
R_148.jpg,R
H_188.JPG,H
S_99.jpg,S
9_70.jpg,9
3_80.jpg,3
L_82.JPG,L
P_104.jpg,P
G_167.jpg,G
U_141.jpg,U
M_166.JPG,M
G_19.jpg,G
C_15.jpg,C
7_181.jpg,7
1_57.jpg,1
E_104.jpg,E
M_92.jpg,M
O_121.JPG,O
7_171.jpg,7
0_164.JPG,0
G_82.jpg,G
4_179.jpg,4
C_73.jpg,C
B_131.jpg,B
1_135.jpg,1
G_144.jpg,G
O_143.JPG,O
0_179.JPG,0
O_145.JPG,O
Q_128.jpg,Q
J_23.jpg,J
2_40.jpg,2
S_147.jpg,S
I_11.jpg,I
S_261.jpg,S
9_30.jpg,9
P_87.jpg,P
3_162.JPG,3
B_155.jpg,B
4_89.jpg,4
A_30.jpg,A
4_1.jpg,4
H_201.JPG,H
0_107.JPG,0
X_135.jpg,X
Y_54.jpg,Y
6_44.jpg,6
L_103.JPG,L
W_61.jpg,W
W_2.jpg,W
H_75.JPG,H
S_62.jpg,S
Q_95.jpg,Q
U_224.jpg,U
X_171.JPG,X
8_126.JPG,8
X_138.jpg,X
G_49.jpg,G
S_32.jpg,S
H_84.JPG,H
G_103.jpg,G
2_117.jpg,2
6_4.jpg,6
M_159.JPG,M
S_68.jpg,S
F_82.jpg,F
Y_55.jpg,Y
7_137.jpg,7
Z_108.jpg,Z
0_50.jpg,0
E_206.jpg,E
O_57.JPG,O
4_103.jpg,4
0_156.JPG,0
S_183.jpg,S
S_61.jpg,S
S_229.jpg,S
C_96.jpg,C
I_25.jpg,I
W_68.jpg,W
I_190.JPG,I
T_71.jpg,T
6_50.jpg,6
0_63.jpg,0
B_65.jpg,B
E_76.jpg,E
N_18.jpg,N
7_109.jpg,7
X_185.JPG,X
G_181.jpg,G
8_134.JPG,8
3_191.JPG,3
V_85.jpg,V
I_116.jpg,I
Y_51.jpg,Y
E_126.jpg,E
Q_14.jpg,Q
C_76.jpg,C
5_99.jpg,5
U_4.jpg,U
I_140.JPG,I
U_178.jpg,U
U_206.jpg,U
H_196.JPG,H
N_85.jpg,N
9_124.jpg,9
5_96.jpg,5
U_149.jpg,U
R_107.jpg,R
O_13.jpg,O
X_98.jpg,X
1_144.JPG,1
C_182.jpg,C
G_37.jpg,G
J_16.jpg,J
2_101.jpg,2
F_152.jpg,F
R_71.jpg,R
3_47.jpg,3
H_102.JPG,H
Q_155.jpg,Q
3_19.jpg,3
6_43.jpg,6
U_123.jpg,U
7_161.jpg,7
U_95.jpg,U
E_92.jpg,E
9_110.jpg,9
8_64.jpg,8
Q_144.jpg,Q
6_67.jpg,6
5_180.jpg,5
H_87.JPG,H
N_98.jpg,N
D_171.jpg,D
8_27.jpg,8
H_104.JPG,H
H_43.JPG,H
6_77.jpg,6
U_40.jpg,U
M_139.JPG,M
N_111.JPG,N
2_51.jpg,2
A_10.jpg,A
U_41.jpg,U
E_167.jpg,E
X_192.JPG,X
L_113.JPG,L
4_74.jpg,4
B_61.jpg,B
2_95.jpg,2
Z_158.JPG,Z
E_143.jpg,E
5_2.jpg,5
G_156.jpg,G
6_129.jpg,6
S_58.jpg,S
U_78.jpg,U
W_34.jpg,W
Z_68.jpg,Z
7_103.jpg,7
M_47.jpg,M
G_139.jpg,G
Z_143.jpg,Z
N_168.JPG,N
5_223.jpg,5
2_2.jpg,2
C_166.jpg,C
D_117.jpg,D
1_60.jpg,1
I_111.jpg,I
M_236.JPG,M
V_58.jpg,V
B_124.jpg,B
K_10.jpg,K
M_91.jpg,M
0_20.jpg,0
1_73.jpg,1
4_129.jpg,4
E_23.jpg,E
3_23.jpg,3
L_14.jpg,L
Z_126.jpg,Z
C_190.jpg,C
G_10.jpg,G
K_49.jpg,K
V_127.jpg,V
1_85.jpg,1
S_181.jpg,S
3_177.JPG,3
C_107.jpg,C
H_54.JPG,H
N_220.JPG,N
I_210.JPG,I
6_144.jpg,6
4_181.jpg,4
4_130.jpg,4
U_135.jpg,U
B_118.jpg,B
8_150.JPG,8
X_97.jpg,X
1_178.JPG,1
G_3.jpg,G
9_27.jpg,9
2_143.jpg,2
M_56.jpg,M
2_120.jpg,2
P_2.jpg,P
4_70.jpg,4
2_46.jpg,2
Y_12.jpg,Y
Y_149.jpg,Y
N_155.JPG,N
W_82.jpg,W
I_240.JPG,I
K_35.jpg,K
A_114.jpg,A
K_135.jpg,K
5_242.jpg,5
M_73.jpg,M
H_7.JPG,H
I_169.JPG,I
Q_122.jpg,Q
Q_61.jpg,Q
I_83.jpg,I
A_136.jpg,A
B_54.jpg,B
5_169.jpg,5
O_45.jpg,O
7_64.jpg,7
0_72.jpg,0
G_174.jpg,G
N_212.JPG,N
2_132.jpg,2
1_118.jpg,1
1_81.jpg,1
L_70.jpg,L
V_28.jpg,V
J_128.jpg,J
J_79.jpg,J
H_13.JPG,H
D_65.jpg,D
I_192.JPG,I
3_51.jpg,3
P_145.JPG,P
Z_211.JPG,Z
Z_182.JPG,Z
B_149.jpg,B
U_56.jpg,U
C_148.jpg,C
6_146.jpg,6
3_117.jpg,3
G_81.jpg,G
E_87.jpg,E
S_5.jpg,S
9_47.jpg,9
Q_121.jpg,Q
T_0.jpg,T
U_169.jpg,U
5_89.jpg,5
3_215.JPG,3
Q_20.jpg,Q
S_238.jpg,S
M_210.JPG,M
9_16.jpg,9
O_119.JPG,O
J_7.jpg,J
7_173.jpg,7
3_123.jpg,3
N_34.jpg,N
V_5.jpg,V
H_64.JPG,H
6_33.jpg,6
U_144.jpg,U
O_102.JPG,O
P_35.jpg,P
K_157.jpg,K
A_43.jpg,A
1_180.JPG,1
L_1.jpg,L
G_20.jpg,G
0_148.JPG,0
5_166.jpg,5
O_7.jpg,O
D_57.jpg,D
I_153.JPG,I
0_154.JPG,0
R_96.jpg,R
H_137.JPG,H
C_62.jpg,C
9_91.jpg,9
5_72.jpg,5
M_172.JPG,M
I_66.jpg,I
P_182.JPG,P
X_134.jpg,X
O_141.JPG,O
G_95.jpg,G
S_59.jpg,S
U_221.jpg,U
A_71.jpg,A
M_51.jpg,M
G_102.jpg,G
G_79.jpg,G
X_41.jpg,X
0_23.jpg,0
P_46.jpg,P
Q_23.jpg,Q
B_55.jpg,B
0_100.JPG,0
Q_10.jpg,Q
H_222.JPG,H
Z_18.jpg,Z
L_85.JPG,L
3_256.JPG,3
U_234.jpg,U
1_115.jpg,1
0_185.JPG,0
P_150.JPG,P
H_153.JPG,H
1_196.JPG,1
3_173.JPG,3
I_129.JPG,I
G_229.jpg,G
N_208.JPG,N
Z_213.JPG,Z
N_4.jpg,N
U_199.jpg,U
D_26.jpg,D
Y_40.jpg,Y
4_106.jpg,4
C_54.jpg,C
E_171.jpg,E
W_33.jpg,W
4_76.jpg,4
5_111.jpg,5
6_51.jpg,6
D_68.jpg,D
E_223.jpg,E
K_156.jpg,K
E_203.jpg,E
I_77.jpg,I
3_212.JPG,3
F_91.jpg,F
1_82.jpg,1
Z_161.JPG,Z
X_92.jpg,X
H_91.JPG,H
N_108.JPG,N
P_53.jpg,P
R_6.jpg,R
9_153.jpg,9
2_32.jpg,2
J_157.jpg,J
Y_81.jpg,Y
R_16.jpg,R
M_169.JPG,M
1_190.JPG,1
P_28.jpg,P
J_127.jpg,J
A_119.jpg,A
F_51.jpg,F
0_17.jpg,0
4_132.jpg,4
O_64.JPG,O
0_11.jpg,0
9_132.jpg,9
P_119.jpg,P
R_161.jpg,R
Z_196.JPG,Z
U_200.jpg,U
Y_93.jpg,Y
P_21.jpg,P
V_150.jpg,V
U_60.jpg,U
6_148.jpg,6
G_228.jpg,G
9_35.jpg,9
9_126.jpg,9
J_28.jpg,J
I_193.JPG,I
J_63.jpg,J
D_168.jpg,D
S_159.jpg,S
H_156.JPG,H
T_111.jpg,T
W_18.jpg,W
X_148.JPG,X
N_156.JPG,N
L_96.JPG,L
V_51.jpg,V
E_153.jpg,E
O_191.JPG,O
Q_35.jpg,Q
6_28.jpg,6
V_152.jpg,V
N_10.jpg,N
Y_140.jpg,Y
G_80.jpg,G
2_16.jpg,2
9_28.jpg,9
1_134.jpg,1
7_23.jpg,7
X_147.JPG,X
X_187.JPG,X
N_253.JPG,N
H_74.JPG,H
X_172.JPG,X
W_63.jpg,W
0_147.JPG,0
R_127.jpg,R
3_223.JPG,3
D_69.jpg,D
3_263.JPG,3
T_160.jpg,T
0_19.jpg,0
Q_130.jpg,Q
W_69.jpg,W
8_35.jpg,8
O_155.JPG,O
A_23.jpg,A
I_170.JPG,I
P_128.JPG,P
T_155.jpg,T
A_106.jpg,A
L_152.JPG,L
L_44.jpg,L
2_78.jpg,2
5_14.jpg,5
F_123.jpg,F
S_204.jpg,S
G_85.jpg,G
K_121.jpg,K
N_255.JPG,N
L_33.jpg,L
L_182.JPG,L
V_25.jpg,V
3_54.jpg,3
4_110.jpg,4
9_44.jpg,9
4_151.jpg,4
O_196.JPG,O
Z_98.jpg,Z
G_209.jpg,G
H_39.JPG,H
U_188.jpg,U
Z_183.JPG,Z
M_42.jpg,M
C_130.jpg,C
C_12.jpg,C
S_255.jpg,S
I_222.JPG,I
5_117.jpg,5
Z_48.jpg,Z
L_31.jpg,L
3_41.jpg,3
G_15.jpg,G
P_161.JPG,P
I_34.jpg,I
7_149.jpg,7
A_113.jpg,A
0_157.JPG,0
L_115.JPG,L
W_140.jpg,W
P_106.jpg,P
K_50.jpg,K
I_108.jpg,I
4_115.jpg,4
7_43.jpg,7
0_51.jpg,0
Y_11.jpg,Y
R_19.jpg,R
P_15.jpg,P
Y_44.jpg,Y
S_174.jpg,S
V_75.jpg,V
9_168.jpg,9
G_159.jpg,G
A_16.jpg,A
3_95.jpg,3
1_121.jpg,1
H_142.JPG,H
1_186.JPG,1
D_94.jpg,D
R_38.jpg,R
2_64.jpg,2
Q_52.jpg,Q
G_93.jpg,G
V_8.jpg,V
Z_141.jpg,Z
6_169.jpg,6
6_86.jpg,6
5_62.jpg,5
B_120.jpg,B
H_79.JPG,H
I_158.JPG,I
Q_94.jpg,Q
F_160.jpg,F
D_47.jpg,D
M_79.jpg,M
0_0.jpg,0
P_30.jpg,P
Z_192.JPG,Z
0_166.JPG,0
U_217.jpg,U
R_149.jpg,R
J_78.jpg,J
6_113.jpg,6
D_120.jpg,D
U_104.jpg,U
9_147.jpg,9
3_246.JPG,3
E_221.jpg,E
L_12.jpg,L
N_199.JPG,N
K_78.jpg,K
Z_157.JPG,Z
0_68.jpg,0
Y_108.jpg,Y
I_61.jpg,I
J_108.jpg,J
W_81.jpg,W
F_96.jpg,F
M_152.JPG,M
6_103.jpg,6
M_235.JPG,M
Z_120.jpg,Z
2_8.jpg,2
E_91.jpg,E
P_114.jpg,P
8_135.JPG,8
X_193.JPG,X
H_211.JPG,H
H_81.JPG,H
X_128.jpg,X
O_91.JPG,O
1_139.JPG,1
O_188.JPG,O
Z_175.JPG,Z
2_128.jpg,2
N_47.jpg,N
X_204.JPG,X
X_71.jpg,X
D_78.jpg,D
B_60.jpg,B
2_80.jpg,2
8_92.JPG,8
S_176.jpg,S
M_48.jpg,M
9_66.jpg,9
X_182.JPG,X
V_106.jpg,V
H_172.JPG,H
Z_52.jpg,Z
4_95.jpg,4
I_236.JPG,I
L_0.jpg,L
3_167.JPG,3
J_38.jpg,J
C_178.jpg,C
M_95.jpg,M
4_159.jpg,4
8_62.jpg,8
X_188.JPG,X
E_59.jpg,E
C_193.jpg,C
L_155.JPG,L
N_126.JPG,N
Y_169.jpg,Y
G_125.jpg,G
B_135.jpg,B
L_129.JPG,L
1_38.jpg,1
E_89.jpg,E
E_151.jpg,E
U_128.jpg,U
2_102.jpg,2
A_148.jpg,A
U_131.jpg,U
X_81.jpg,X
6_135.jpg,6
A_80.jpg,A
1_105.jpg,1
2_175.jpg,2
L_91.JPG,L
2_81.jpg,2
4_116.jpg,4
E_159.jpg,E
K_112.jpg,K
H_250.JPG,H
E_82.jpg,E
I_180.JPG,I
V_49.jpg,V
M_217.JPG,M
M_61.jpg,M
U_100.jpg,U
K_164.jpg,K
1_169.JPG,1
D_90.jpg,D
M_77.jpg,M
T_92.jpg,T
E_179.jpg,E
V_167.jpg,V
K_140.jpg,K
N_28.jpg,N
T_102.jpg,T
P_32.jpg,P
1_30.jpg,1
3_24.jpg,3
K_115.jpg,K
6_92.jpg,6
L_161.JPG,L
E_121.jpg,E
B_75.jpg,B
3_60.jpg,3
I_24.jpg,I
E_15.jpg,E
U_154.jpg,U
3_53.jpg,3
O_98.JPG,O
K_18.jpg,K
3_30.jpg,3
H_225.JPG,H
9_201.jpg,9
5_165.jpg,5
P_10.jpg,P
T_171.jpg,T
D_123.jpg,D
O_14.jpg,O
7_142.jpg,7
V_76.jpg,V
J_114.jpg,J
T_133.jpg,T
F_94.jpg,F
U_148.jpg,U
H_241.JPG,H
E_188.jpg,E
N_197.JPG,N
H_109.JPG,H
H_94.JPG,H
1_197.JPG,1
0_112.JPG,0
O_168.JPG,O
M_220.JPG,M
A_146.jpg,A
G_200.jpg,G
Y_31.jpg,Y
S_101.jpg,S
Z_160.JPG,Z
Q_77.jpg,Q
V_161.jpg,V
N_72.jpg,N
M_182.JPG,M
K_63.jpg,K
9_164.jpg,9
W_113.jpg,W
E_41.jpg,E
G_75.jpg,G
6_14.jpg,6
G_202.jpg,G
I_36.jpg,I
5_215.jpg,5
U_103.jpg,U
8_79.jpg,8
A_121.jpg,A
4_61.jpg,4
X_125.jpg,X
X_196.JPG,X
4_182.jpg,4
S_50.jpg,S
V_32.jpg,V
J_111.jpg,J
S_235.jpg,S
C_26.jpg,C
G_138.jpg,G
B_74.jpg,B
F_89.jpg,F
V_86.jpg,V
B_96.jpg,B
0_173.JPG,0
8_105.JPG,8
T_109.jpg,T
1_170.JPG,1
S_259.jpg,S
T_164.jpg,T
A_144.jpg,A
P_115.jpg,P
G_105.jpg,G
X_56.jpg,X
Y_20.jpg,Y
3_195.JPG,3
3_132.jpg,3
I_102.jpg,I
Y_109.jpg,Y
7_38.jpg,7
4_119.jpg,4
G_152.jpg,G
9_77.jpg,9
X_178.JPG,X
V_70.jpg,V
B_86.jpg,B
0_44.jpg,0
5_155.jpg,5
O_100.JPG,O
B_36.jpg,B
N_256.JPG,N
J_115.jpg,J
0_88.jpg,0
O_120.JPG,O
N_87.jpg,N
T_142.jpg,T
U_53.jpg,U
V_136.jpg,V
5_5.jpg,5
I_165.JPG,I
M_37.jpg,M
H_214.JPG,H
W_41.jpg,W
H_220.JPG,H
C_159.jpg,C
A_38.jpg,A
V_168.jpg,V
U_230.jpg,U
K_144.jpg,K
U_126.jpg,U
4_32.jpg,4
Y_118.jpg,Y
G_127.jpg,G
0_60.jpg,0
2_146.jpg,2
S_194.jpg,S
2_33.jpg,2
7_124.jpg,7
X_137.jpg,X
Y_101.jpg,Y
8_124.JPG,8
V_11.jpg,V
5_40.jpg,5
0_186.JPG,0
G_140.jpg,G
H_127.JPG,H
L_126.JPG,L
6_47.jpg,6
F_18.jpg,F
M_138.JPG,M
O_75.JPG,O
P_131.JPG,P
4_50.jpg,4
H_235.JPG,H
F_121.jpg,F
8_38.jpg,8
U_12.jpg,U
I_215.JPG,I
F_30.jpg,F
I_37.jpg,I
H_118.JPG,H
F_106.jpg,F
0_36.jpg,0
T_94.jpg,T
8_131.JPG,8
Z_132.jpg,Z
E_172.jpg,E
H_245.JPG,H
O_157.JPG,O
S_41.jpg,S
M_87.jpg,M
J_56.jpg,J
9_86.jpg,9
Q_51.jpg,Q
D_35.jpg,D
W_47.jpg,W
Y_164.jpg,Y
N_119.JPG,N
P_65.jpg,P
T_105.jpg,T
2_30.jpg,2
W_1.jpg,W
O_80.JPG,O
8_9.jpg,8
W_58.jpg,W
5_195.jpg,5
C_137.jpg,C
G_34.jpg,G
2_90.jpg,2
1_87.jpg,1
9_165.jpg,9
K_146.jpg,K
I_13.jpg,I
E_152.jpg,E
F_137.jpg,F
7_90.jpg,7
R_108.jpg,R
N_245.JPG,N
N_240.JPG,N
D_30.jpg,D
R_159.jpg,R
E_60.jpg,E
V_93.jpg,V
P_175.JPG,P
I_171.JPG,I
B_127.jpg,B
W_26.jpg,W
U_122.jpg,U
8_103.JPG,8
Q_40.jpg,Q
Y_165.jpg,Y
A_17.jpg,A
R_126.jpg,R
P_127.JPG,P
5_212.jpg,5
K_66.jpg,K
C_88.jpg,C
8_106.JPG,8
6_66.jpg,6
B_2.jpg,B
W_56.jpg,W
R_141.jpg,R
L_184.JPG,L
4_141.jpg,4
G_59.jpg,G
D_114.jpg,D
B_23.jpg,B
5_190.jpg,5
U_97.jpg,U
2_140.jpg,2
Y_145.jpg,Y
R_155.jpg,R
C_11.jpg,C
J_126.jpg,J
C_80.jpg,C
U_173.jpg,U
6_100.jpg,6
U_96.jpg,U
4_75.jpg,4
2_49.jpg,2
D_64.jpg,D
0_53.jpg,0
3_106.jpg,3
C_46.jpg,C
6_9.jpg,6
3_242.JPG,3
X_1.jpg,X
M_126.JPG,M
6_107.jpg,6
4_125.jpg,4
6_17.jpg,6
X_20.jpg,X
1_165.JPG,1
N_211.JPG,N
L_105.JPG,L
J_152.jpg,J
G_187.jpg,G
C_5.jpg,C
F_72.jpg,F
N_40.jpg,N
8_159.JPG,8
N_80.jpg,N
6_165.jpg,6
3_220.JPG,3
V_21.jpg,V
M_108.JPG,M
8_142.JPG,8
H_126.JPG,H
6_160.jpg,6
T_18.jpg,T
U_223.jpg,U
Q_55.jpg,Q
Z_153.JPG,Z
H_171.JPG,H
2_25.jpg,2
N_104.jpg,N
1_120.jpg,1
O_81.JPG,O
G_109.jpg,G
E_145.jpg,E
K_75.jpg,K
R_41.jpg,R
A_108.jpg,A
Z_142.jpg,Z
0_18.jpg,0
O_173.JPG,O
T_138.jpg,T
7_74.jpg,7
3_64.jpg,3
X_197.JPG,X
B_159.jpg,B
F_60.jpg,F
5_102.jpg,5
5_139.jpg,5
B_19.jpg,B
N_189.JPG,N
8_34.jpg,8
3_135.jpg,3
S_188.jpg,S
C_157.jpg,C
O_41.jpg,O
5_135.jpg,5
0_89.jpg,0
I_228.JPG,I
5_7.jpg,5
2_10.jpg,2
3_46.jpg,3
7_162.jpg,7
U_67.jpg,U
V_73.jpg,V
G_47.jpg,G
7_122.jpg,7
L_58.jpg,L
7_147.jpg,7
5_53.jpg,5
R_99.jpg,R
9_12.jpg,9
9_102.jpg,9
A_41.jpg,A
V_0.jpg,V
O_39.jpg,O
J_131.jpg,J
R_129.jpg,R
8_31.jpg,8
1_192.JPG,1
Z_198.JPG,Z
I_148.JPG,I
Z_156.JPG,Z
E_66.jpg,E
I_92.jpg,I
0_177.JPG,0
9_68.jpg,9
0_33.jpg,0
X_0.jpg,X
X_170.JPG,X
S_236.jpg,S
8_26.jpg,8
U_109.jpg,U
Y_103.jpg,Y
B_114.jpg,B
4_14.jpg,4
4_180.jpg,4
P_147.JPG,P
L_138.JPG,L
X_200.JPG,X
M_67.jpg,M
A_53.jpg,A
7_84.jpg,7
2_124.jpg,2
N_167.JPG,N
M_149.JPG,M
P_187.JPG,P
U_164.jpg,U
S_63.jpg,S
U_156.jpg,U
G_129.jpg,G
0_4.jpg,0
H_167.JPG,H
U_80.jpg,U
W_9.jpg,W
Z_180.JPG,Z
9_199.jpg,9
X_101.jpg,X
W_128.jpg,W
N_144.JPG,N
N_17.jpg,N
U_43.jpg,U
T_20.jpg,T
B_143.jpg,B
K_175.jpg,K
3_100.jpg,3
4_17.jpg,4
M_81.jpg,M
5_236.jpg,5
G_212.jpg,G
A_65.jpg,A
J_109.jpg,J
7_153.jpg,7
N_94.jpg,N
9_63.jpg,9
S_157.jpg,S
U_238.jpg,U
G_172.jpg,G
W_62.jpg,W
B_157.jpg,B
I_214.JPG,I
X_76.jpg,X
6_95.jpg,6
N_157.JPG,N
S_195.jpg,S
T_12.jpg,T
I_33.jpg,I
6_39.jpg,6
P_81.jpg,P
5_197.jpg,5
7_45.jpg,7
4_79.jpg,4
6_23.jpg,6
5_98.jpg,5
8_43.jpg,8
C_56.jpg,C
4_114.jpg,4
M_86.jpg,M
G_148.jpg,G
M_27.jpg,M
3_15.jpg,3
L_43.jpg,L
W_46.jpg,W
T_139.jpg,T
Z_90.jpg,Z
G_87.jpg,G
S_20.jpg,S
T_6.jpg,T
R_51.jpg,R
N_16.jpg,N
1_20.jpg,1
C_19.jpg,C
I_245.JPG,I
R_121.jpg,R
H_133.JPG,H
P_39.jpg,P
2_171.jpg,2
3_96.jpg,3
S_207.jpg,S
C_172.jpg,C
I_30.jpg,I
3_108.jpg,3
7_98.jpg,7
U_115.jpg,U
I_238.JPG,I
N_128.JPG,N
L_95.JPG,L
T_158.jpg,T
6_110.jpg,6
O_88.JPG,O
K_43.jpg,K
D_137.jpg,D
M_94.jpg,M
1_130.jpg,1
5_137.jpg,5
5_100.jpg,5
I_156.JPG,I
O_104.JPG,O
G_40.jpg,G
U_168.jpg,U
8_136.JPG,8
9_78.jpg,9
1_32.jpg,1
Q_90.jpg,Q
B_128.jpg,B
N_182.JPG,N
2_156.jpg,2
M_8.jpg,M
X_131.jpg,X
L_35.jpg,L
4_77.jpg,4
K_104.jpg,K
O_163.JPG,O
F_131.jpg,F
3_130.jpg,3
B_44.jpg,B
Q_69.jpg,Q
O_83.JPG,O
6_52.jpg,6
D_105.jpg,D
X_164.JPG,X
V_67.jpg,V
P_113.jpg,P
2_69.jpg,2
E_168.jpg,E
D_110.jpg,D
S_105.jpg,S
I_58.jpg,I
A_4.jpg,A
X_18.jpg,X
M_157.JPG,M
C_192.jpg,C
9_148.jpg,9
H_198.JPG,H
9_101.jpg,9
Y_138.jpg,Y
P_165.JPG,P
B_24.jpg,B
H_119.JPG,H
5_66.jpg,5
4_133.jpg,4
7_20.jpg,7
L_16.jpg,L
S_240.jpg,S
P_143.JPG,P
D_9.jpg,D
I_27.jpg,I
X_160.JPG,X
Q_25.jpg,Q
5_69.jpg,5
H_228.JPG,H
A_24.jpg,A
1_100.jpg,1
Y_141.jpg,Y
U_226.jpg,U
5_230.jpg,5
H_34.JPG,H
H_238.JPG,H
7_136.jpg,7
Q_75.jpg,Q
3_10.jpg,3
E_194.jpg,E
A_42.jpg,A
I_7.jpg,I
D_111.jpg,D
G_72.jpg,G
X_169.JPG,X
U_214.jpg,U
B_99.jpg,B
4_39.jpg,4
J_76.jpg,J
3_243.JPG,3
Y_177.jpg,Y
8_97.JPG,8
Z_9.jpg,Z
I_202.JPG,I
B_103.jpg,B
8_19.jpg,8
F_138.jpg,F
W_151.jpg,W
W_142.jpg,W
9_109.jpg,9
V_31.jpg,V
M_145.JPG,M
S_226.jpg,S
Z_186.JPG,Z
5_39.jpg,5
1_86.jpg,1
2_109.jpg,2
C_134.jpg,C
M_31.jpg,M
Z_71.jpg,Z
0_54.jpg,0
R_151.jpg,R
M_225.JPG,M
2_137.jpg,2
M_14.jpg,M
S_38.jpg,S
H_76.JPG,H
3_27.jpg,3
1_156.JPG,1
4_45.jpg,4
S_167.jpg,S
K_169.jpg,K
I_12.jpg,I
5_148.jpg,5
O_152.JPG,O
X_46.jpg,X
4_199.jpg,4
M_200.JPG,M
K_139.jpg,K
H_22.JPG,H
Z_75.jpg,Z
6_124.jpg,6
C_113.jpg,C
U_218.jpg,U
F_16.jpg,F
H_182.JPG,H
5_29.jpg,5
1_117.jpg,1
D_132.jpg,D
B_158.jpg,B
5_216.jpg,5
H_159.JPG,H
M_28.jpg,M
N_129.JPG,N
S_211.jpg,S
3_42.jpg,3
Z_168.JPG,Z
4_148.jpg,4
Y_158.jpg,Y
1_183.JPG,1
Y_43.jpg,Y
9_130.jpg,9
I_96.jpg,I
Z_204.JPG,Z
H_244.JPG,H
S_219.jpg,S
Y_79.jpg,Y
5_149.jpg,5
8_87.jpg,8
N_117.JPG,N
R_60.jpg,R
S_206.jpg,S
X_15.jpg,X
I_40.jpg,I
D_130.jpg,D
R_42.jpg,R
G_104.jpg,G
N_75.jpg,N
L_41.jpg,L
Q_26.jpg,Q
A_86.jpg,A
L_24.jpg,L
2_11.jpg,2
3_241.JPG,3
A_140.jpg,A
O_116.JPG,O
D_63.jpg,D
H_98.JPG,H
D_98.jpg,D
S_95.jpg,S
W_122.jpg,W
2_176.jpg,2
G_162.jpg,G
7_8.jpg,7
D_122.jpg,D
1_179.JPG,1
8_125.JPG,8
U_183.jpg,U
3_216.JPG,3
C_60.jpg,C
J_66.jpg,J
T_25.jpg,T
S_118.jpg,S
Q_93.jpg,Q
V_154.jpg,V
C_179.jpg,C
1_51.jpg,1
B_100.jpg,B
H_131.JPG,H
2_44.jpg,2
4_143.jpg,4
N_203.JPG,N
K_72.jpg,K
T_130.jpg,T
1_21.jpg,1
V_19.jpg,V
B_108.jpg,B
6_6.jpg,6
I_177.JPG,I
F_46.jpg,F
9_83.jpg,9
0_71.jpg,0
O_177.JPG,O
O_18.jpg,O
B_49.jpg,B
J_155.jpg,J
1_67.jpg,1
K_155.jpg,K
9_196.jpg,9
D_10.jpg,D
5_213.jpg,5
9_65.jpg,9
F_150.jpg,F
8_65.jpg,8
1_50.jpg,1
G_107.jpg,G
X_79.jpg,X
C_184.jpg,C
1_17.jpg,1
O_74.JPG,O
S_165.jpg,S
D_4.jpg,D
9_173.jpg,9
A_70.jpg,A
M_32.jpg,M
S_256.jpg,S
W_53.jpg,W
7_112.jpg,7
R_32.jpg,R
P_56.jpg,P
P_163.JPG,P
8_78.jpg,8
2_161.jpg,2
5_143.jpg,5
1_119.jpg,1
O_159.JPG,O
Z_102.jpg,Z
N_21.jpg,N
4_135.jpg,4
K_111.jpg,K
N_33.jpg,N
P_72.jpg,P
8_40.jpg,8
B_34.jpg,B
7_114.jpg,7
6_154.jpg,6
W_125.jpg,W
3_131.jpg,3
3_180.JPG,3
5_224.jpg,5
8_143.JPG,8
0_187.JPG,0
C_131.jpg,C
5_214.jpg,5
4_2.jpg,4
S_277.jpg,S
8_59.jpg,8
L_83.JPG,L
W_8.jpg,W
L_81.JPG,L
C_33.jpg,C
B_154.jpg,B
M_128.JPG,M
C_70.jpg,C
M_141.JPG,M
U_6.jpg,U
B_115.jpg,B
7_92.jpg,7
U_65.jpg,U
5_1.jpg,5
U_231.jpg,U
N_133.JPG,N
3_237.JPG,3
4_42.jpg,4
G_94.jpg,G
G_184.jpg,G
P_55.jpg,P
Z_210.JPG,Z
W_14.jpg,W
R_21.jpg,R
5_186.jpg,5
U_228.jpg,U
8_33.jpg,8
S_57.jpg,S
4_22.jpg,4
8_5.jpg,8
C_18.jpg,C
J_161.jpg,J
C_171.jpg,C
J_138.jpg,J
3_189.JPG,3
J_24.jpg,J
G_150.jpg,G
M_192.JPG,M
A_118.jpg,A
S_201.jpg,S
X_64.jpg,X
3_217.JPG,3
U_233.jpg,U
3_169.JPG,3
9_170.jpg,9
V_6.jpg,V
Z_70.jpg,Z
A_48.jpg,A
5_243.jpg,5
A_33.jpg,A
A_21.jpg,A
1_137.jpg,1
M_125.JPG,M
4_91.jpg,4
0_42.jpg,0
G_128.jpg,G
5_19.jpg,5
V_30.jpg,V
C_165.jpg,C
T_113.jpg,T
5_115.jpg,5
A_52.jpg,A
6_94.jpg,6
N_19.jpg,N
F_142.jpg,F
J_74.jpg,J
G_1.jpg,G
3_48.jpg,3
6_153.jpg,6
9_107.jpg,9
2_94.jpg,2
V_1.jpg,V
2_66.jpg,2
7_138.jpg,7
O_54.JPG,O
E_196.jpg,E
O_176.JPG,O
E_166.jpg,E
W_54.jpg,W
C_67.jpg,C
H_121.JPG,H
Y_131.jpg,Y
5_219.jpg,5
G_137.jpg,G
H_30.JPG,H
P_118.jpg,P
P_11.jpg,P
5_26.jpg,5
1_111.jpg,1
U_210.jpg,U
S_212.jpg,S
T_165.jpg,T
5_32.jpg,5
A_35.jpg,A
G_65.jpg,G
E_178.jpg,E
F_70.jpg,F
Z_137.jpg,Z
V_37.jpg,V
G_126.jpg,G
S_242.jpg,S
R_26.jpg,R
S_25.jpg,S
T_67.jpg,T
J_143.jpg,J
O_79.JPG,O
7_21.jpg,7
L_53.jpg,L
3_156.jpg,3
9_205.jpg,9
7_94.jpg,7
1_172.JPG,1
E_149.jpg,E
9_191.jpg,9
4_87.jpg,4
T_60.jpg,T
S_215.jpg,S
M_167.JPG,M
I_199.JPG,I
G_135.jpg,G
O_103.JPG,O
W_110.jpg,W
G_214.jpg,G
U_19.jpg,U
R_162.jpg,R
7_24.jpg,7
6_98.jpg,6
W_23.jpg,W
5_109.jpg,5
1_22.jpg,1
S_131.jpg,S
3_14.jpg,3
1_150.JPG,1
I_205.JPG,I
H_85.JPG,H
M_228.JPG,M
O_170.JPG,O
H_158.JPG,H
Q_37.jpg,Q
D_108.jpg,D
G_134.jpg,G
9_105.jpg,9
O_21.jpg,O
J_149.jpg,J
1_112.jpg,1
P_140.JPG,P
D_102.jpg,D
X_139.jpg,X
G_70.jpg,G
I_68.jpg,I
P_52.jpg,P
O_44.jpg,O
H_5.JPG,H
X_102.jpg,X
6_130.jpg,6
I_105.jpg,I
N_252.JPG,N
2_145.jpg,2
0_126.JPG,0
3_89.jpg,3
5_153.jpg,5
X_23.jpg,X
O_30.jpg,O
C_181.jpg,C
N_38.jpg,N
W_117.jpg,W
H_130.JPG,H
U_29.jpg,U
1_39.jpg,1
Q_80.jpg,Q
X_165.JPG,X
3_85.jpg,3
S_252.jpg,S
7_17.jpg,7
H_37.JPG,H
X_73.jpg,X
T_88.jpg,T
U_136.jpg,U
5_218.jpg,5
9_207.jpg,9
B_87.jpg,B
P_67.jpg,P
7_182.jpg,7
0_135.JPG,0
2_53.jpg,2
3_125.jpg,3
2_36.jpg,2
G_176.jpg,G
7_126.jpg,7
C_129.jpg,C
Z_197.JPG,Z
Y_3.jpg,Y
M_198.JPG,M
H_89.JPG,H
W_114.jpg,W
3_52.jpg,3
W_108.jpg,W
W_74.jpg,W
Z_40.jpg,Z
S_29.jpg,S
D_109.jpg,D
O_2.jpg,O
O_0.jpg,O
5_11.jpg,5
M_39.jpg,M
S_203.jpg,S
Z_38.jpg,Z
P_93.jpg,P
Y_80.jpg,Y
7_81.jpg,7
G_171.jpg,G
T_49.jpg,T
8_102.JPG,8
3_133.jpg,3
J_89.jpg,J
X_25.jpg,X
B_104.jpg,B
X_54.jpg,X
L_15.jpg,L
3_119.jpg,3
2_73.jpg,2
N_247.JPG,N
S_28.jpg,S
I_100.jpg,I
9_169.jpg,9
M_44.jpg,M
1_131.jpg,1
Z_169.JPG,Z
9_74.jpg,9
W_97.jpg,W
Y_90.jpg,Y
I_125.jpg,I
X_7.jpg,X
G_164.jpg,G
5_0.jpg,5
0_128.JPG,0
M_113.JPG,M
3_61.jpg,3
6_126.jpg,6
N_57.jpg,N
R_22.jpg,R
U_30.jpg,U
G_32.jpg,G
U_51.jpg,U
F_113.jpg,F
0_158.JPG,0
6_161.jpg,6
U_193.jpg,U
N_195.JPG,N
U_113.jpg,U
D_127.jpg,D
E_128.jpg,E
X_91.jpg,X
P_7.jpg,P
3_113.jpg,3
J_97.jpg,J
R_29.jpg,R
U_262.jpg,U
U_93.jpg,U
W_120.jpg,W
V_144.jpg,V
7_188.jpg,7
R_143.jpg,R
H_100.JPG,H
3_258.JPG,3
P_29.jpg,P
7_131.jpg,7
8_21.jpg,8
F_62.jpg,F
T_115.jpg,T
U_73.jpg,U
H_123.JPG,H
S_46.jpg,S
J_96.jpg,J
Z_81.jpg,Z
S_40.jpg,S
Q_22.jpg,Q
4_123.jpg,4
F_132.jpg,F
E_165.jpg,E
L_141.JPG,L
E_219.jpg,E
G_54.jpg,G
K_31.jpg,K
A_132.jpg,A
D_88.jpg,D
Z_7.jpg,Z
5_164.jpg,5
C_156.jpg,C
2_177.jpg,2
V_111.jpg,V
H_173.JPG,H
M_209.JPG,M
D_103.jpg,D
3_249.JPG,3
D_12.jpg,D
J_153.jpg,J
L_38.jpg,L
1_147.JPG,1
L_134.JPG,L
X_87.jpg,X
L_122.JPG,L
M_213.JPG,M
U_28.jpg,U
B_122.jpg,B
P_20.jpg,P
K_147.jpg,K
R_48.jpg,R
W_40.jpg,W
Z_164.JPG,Z
8_3.jpg,8
W_4.jpg,W
R_113.jpg,R
K_95.jpg,K
U_172.jpg,U
M_2.jpg,M
L_128.JPG,L
D_86.jpg,D
5_138.jpg,5
F_168.jpg,F
M_24.jpg,M
M_69.jpg,M
J_104.jpg,J
P_50.jpg,P
6_49.jpg,6
G_199.jpg,G
P_135.JPG,P
H_243.JPG,H
I_230.JPG,I
L_99.JPG,L
U_81.jpg,U
S_93.jpg,S
1_15.jpg,1
B_16.jpg,B
C_42.jpg,C
M_1.jpg,M
S_173.jpg,S
Z_162.JPG,Z
5_106.jpg,5
X_157.JPG,X
5_13.jpg,5
8_45.jpg,8
S_260.jpg,S
M_40.jpg,M
7_169.jpg,7
B_1.jpg,B
1_187.JPG,1
X_67.jpg,X
V_163.jpg,V
J_60.jpg,J
U_18.jpg,U
1_142.JPG,1
N_112.JPG,N
O_71.JPG,O
5_48.jpg,5
Y_110.jpg,Y
S_279.jpg,S
Q_120.jpg,Q
K_136.jpg,K
N_213.JPG,N
3_129.jpg,3
X_184.JPG,X
Z_212.JPG,Z
B_45.jpg,B
A_110.jpg,A
7_16.jpg,7
C_150.jpg,C
M_66.jpg,M
Z_144.jpg,Z
9_152.jpg,9
3_148.jpg,3
4_204.jpg,4
S_51.jpg,S
5_178.jpg,5
9_88.jpg,9
H_16.JPG,H
6_25.jpg,6
H_55.JPG,H
6_133.jpg,6
3_74.jpg,3
P_120.jpg,P
U_232.jpg,U
K_168.jpg,K
P_84.jpg,P
D_19.jpg,D
S_128.jpg,S
X_51.jpg,X
X_181.JPG,X
3_139.jpg,3
4_34.jpg,4
X_120.jpg,X
0_32.jpg,0
S_169.jpg,S
S_130.jpg,S
N_136.JPG,N
V_38.jpg,V
U_177.jpg,U
2_77.jpg,2
X_53.jpg,X
T_52.jpg,T
A_122.jpg,A
9_149.jpg,9
9_135.jpg,9
Q_73.jpg,Q
E_62.jpg,E
H_135.JPG,H
F_124.jpg,F
I_151.JPG,I
I_219.JPG,I
V_139.jpg,V
3_13.jpg,3
5_244.jpg,5
3_88.jpg,3
I_145.JPG,I
I_0.jpg,I
L_170.JPG,L
G_120.jpg,G
H_46.JPG,H
Q_118.jpg,Q
J_3.jpg,J
Z_83.jpg,Z
N_61.jpg,N
P_62.jpg,P
N_26.jpg,N
O_63.JPG,O
S_112.jpg,S
I_189.JPG,I
0_102.JPG,0
S_66.jpg,S
6_30.jpg,6
N_124.JPG,N
3_199.JPG,3
4_80.jpg,4
L_51.jpg,L
U_160.jpg,U
Z_107.jpg,Z
K_88.jpg,K
2_75.jpg,2
H_252.JPG,H
4_165.jpg,4
X_103.jpg,X
D_56.jpg,D
I_235.JPG,I
9_114.jpg,9
3_165.JPG,3
B_71.jpg,B
N_232.JPG,N
D_95.jpg,D
5_108.jpg,5
Z_105.jpg,Z
L_10.jpg,L
V_100.jpg,V
G_183.jpg,G
X_75.jpg,X
V_91.jpg,V
4_162.jpg,4
T_55.jpg,T
X_22.jpg,X
4_122.jpg,4
2_37.jpg,2
D_89.jpg,D
F_93.jpg,F
5_134.jpg,5
K_56.jpg,K
2_150.jpg,2
S_127.jpg,S
W_20.jpg,W
P_144.JPG,P
E_124.jpg,E
I_135.JPG,I
B_15.jpg,B
L_163.JPG,L
M_15.jpg,M
H_257.JPG,H
0_59.jpg,0
8_49.jpg,8
T_65.jpg,T
3_144.jpg,3
M_201.JPG,M
V_87.jpg,V
S_106.jpg,S
M_173.JPG,M
R_116.jpg,R
5_170.jpg,5
H_216.JPG,H
W_11.jpg,W
7_177.jpg,7
M_163.JPG,M
S_137.jpg,S
X_85.jpg,X
B_83.jpg,B
N_107.JPG,N
V_137.jpg,V
J_141.jpg,J
M_204.JPG,M
Z_181.JPG,Z
6_166.jpg,6
5_184.jpg,5
8_86.jpg,8
I_107.jpg,I
N_192.JPG,N
I_164.JPG,I
M_142.JPG,M
M_237.JPG,M
M_155.JPG,M
5_144.jpg,5
Y_146.jpg,Y
1_5.jpg,1
M_190.JPG,M
M_116.JPG,M
4_56.jpg,4
9_29.jpg,9
D_112.jpg,D
F_161.jpg,F
O_123.JPG,O
U_216.jpg,U
I_32.jpg,I
N_78.jpg,N
N_29.jpg,N
S_275.jpg,S
9_104.jpg,9
H_72.JPG,H
T_135.jpg,T
O_139.JPG,O
T_34.jpg,T
8_119.JPG,8
D_124.jpg,D
3_31.jpg,3
L_110.JPG,L
J_92.jpg,J
M_227.JPG,M
U_5.jpg,U
O_189.JPG,O
0_55.jpg,0
W_32.jpg,W
3_218.JPG,3
Z_72.jpg,Z
T_116.jpg,T
0_142.JPG,0
E_134.jpg,E
Q_54.jpg,Q
3_118.jpg,3
E_217.jpg,E
O_59.JPG,O
K_162.jpg,K
2_79.jpg,2
A_68.jpg,A
O_124.JPG,O
9_139.jpg,9
7_25.jpg,7
S_198.jpg,S
0_108.JPG,0
3_141.jpg,3
9_42.jpg,9
E_54.jpg,E
K_119.jpg,K
X_150.JPG,X
V_159.jpg,V
I_185.JPG,I
3_206.JPG,3
7_33.jpg,7
T_64.jpg,T
W_16.jpg,W
Z_4.jpg,Z
9_19.jpg,9
B_130.jpg,B
G_50.jpg,G
L_87.JPG,L
A_26.jpg,A
R_81.jpg,R
M_134.JPG,M
B_63.jpg,B
K_116.jpg,K
H_18.JPG,H
O_69.JPG,O
P_90.jpg,P
P_189.JPG,P
0_56.jpg,0
5_206.jpg,5
0_116.JPG,0
L_171.JPG,L
9_144.jpg,9
U_190.jpg,U
7_133.jpg,7
T_177.jpg,T
V_170.jpg,V
M_22.jpg,M
H_112.JPG,H
S_144.jpg,S
9_131.jpg,9
E_155.jpg,E
V_29.jpg,V
9_95.jpg,9
R_104.jpg,R
3_140.jpg,3
9_174.jpg,9
X_179.JPG,X
I_178.JPG,I
G_51.jpg,G
0_143.JPG,0
Z_110.jpg,Z
C_136.jpg,C
L_66.jpg,L
T_46.jpg,T
T_170.jpg,T
W_49.jpg,W
G_56.jpg,G
S_257.jpg,S
6_162.jpg,6
W_102.jpg,W
G_67.jpg,G
I_3.jpg,I
X_153.JPG,X
X_119.jpg,X
X_59.jpg,X
S_126.jpg,S
L_185.JPG,L
C_55.jpg,C
7_36.jpg,7
F_74.jpg,F
X_80.jpg,X
M_215.JPG,M
O_97.JPG,O
H_15.JPG,H
E_174.jpg,E
G_204.jpg,G
A_97.jpg,A
R_20.jpg,R
N_83.jpg,N
R_52.jpg,R
0_120.JPG,0
7_22.jpg,7
4_82.jpg,4
O_1.jpg,O
U_245.jpg,U
D_135.jpg,D
N_5.jpg,N
B_18.jpg,B
T_85.jpg,T
5_77.jpg,5
G_222.jpg,G
4_175.jpg,4
3_158.JPG,3
4_177.jpg,4
R_80.jpg,R
U_72.jpg,U
6_102.jpg,6
0_155.JPG,0
N_163.JPG,N
4_71.jpg,4
M_127.JPG,M
K_127.jpg,K
N_227.JPG,N
H_32.JPG,H
U_225.jpg,U
N_249.JPG,N
U_207.jpg,U
5_198.jpg,5
A_103.jpg,A
3_142.jpg,3
Z_189.JPG,Z
I_89.jpg,I
W_35.jpg,W
N_230.JPG,N
T_89.jpg,T
M_74.jpg,M
O_175.JPG,O
O_95.JPG,O
P_41.jpg,P
O_40.jpg,O
3_3.jpg,3
M_104.jpg,M
K_7.jpg,K
D_50.jpg,D
1_101.jpg,1
F_24.jpg,F
M_54.jpg,M
S_264.jpg,S
S_190.jpg,S
I_246.JPG,I
V_120.jpg,V
5_75.jpg,5
9_21.jpg,9
D_61.jpg,D
9_98.jpg,9
B_95.jpg,B
P_19.jpg,P
T_172.jpg,T
H_209.JPG,H
L_52.jpg,L
S_241.jpg,S
P_42.jpg,P
3_240.JPG,3
0_97.JPG,0
9_146.jpg,9
K_126.jpg,K
R_7.jpg,R
C_185.jpg,C
2_4.jpg,2
3_107.jpg,3
E_132.jpg,E
K_138.jpg,K
D_79.jpg,D
E_118.jpg,E
J_113.jpg,J
5_133.jpg,5
M_234.JPG,M
L_127.JPG,L
5_12.jpg,5
Q_147.jpg,Q
A_154.jpg,A
D_60.jpg,D
7_35.jpg,7
E_117.jpg,E
1_28.jpg,1
T_35.jpg,T
S_205.jpg,S
C_141.jpg,C
4_84.jpg,4
R_72.jpg,R
0_94.JPG,0
L_175.JPG,L
Y_30.jpg,Y
G_24.jpg,G
J_15.jpg,J
A_83.jpg,A
D_21.jpg,D
5_233.jpg,5
6_32.jpg,6
W_17.jpg,W
K_90.jpg,K
4_60.jpg,4
5_83.jpg,5
I_41.jpg,I
0_132.JPG,0
M_64.jpg,M
C_188.jpg,C
Z_86.jpg,Z
I_154.JPG,I
H_144.JPG,H
8_130.JPG,8
R_61.jpg,R
5_63.jpg,5
O_51.JPG,O
M_194.JPG,M
9_56.jpg,9
7_88.jpg,7
I_48.jpg,I
F_67.jpg,F
D_36.jpg,D
M_153.JPG,M
R_69.jpg,R
Y_85.jpg,Y
W_129.jpg,W
M_101.jpg,M
G_178.jpg,G
3_91.jpg,3
0_16.jpg,0
A_2.jpg,A
L_111.JPG,L
W_44.jpg,W
7_158.jpg,7
N_6.jpg,N
C_146.jpg,C
Y_166.jpg,Y
H_120.JPG,H
1_153.JPG,1
2_38.jpg,2
O_115.JPG,O
H_95.JPG,H
L_114.JPG,L
P_181.JPG,P
2_179.jpg,2
9_71.jpg,9
5_41.jpg,5
L_76.JPG,L
K_36.jpg,K
1_106.jpg,1
6_105.jpg,6
A_99.jpg,A
Z_69.jpg,Z
9_119.jpg,9
M_186.JPG,M
C_63.jpg,C
J_83.jpg,J
M_132.JPG,M
B_11.jpg,B
K_26.jpg,K
7_125.jpg,7
4_174.jpg,4
N_243.JPG,N
Z_59.jpg,Z
H_203.JPG,H
Z_91.jpg,Z
8_2.jpg,8
P_16.jpg,P
S_154.jpg,S
E_67.jpg,E
7_95.jpg,7
9_180.jpg,9
B_51.jpg,B
T_106.jpg,T
Q_86.jpg,Q
7_85.jpg,7
A_151.jpg,A
L_13.jpg,L
0_111.JPG,0
E_8.jpg,E
Q_67.jpg,Q
U_99.jpg,U
P_195.JPG,P
5_27.jpg,5
N_264.JPG,N
3_197.JPG,3
U_44.jpg,U
K_86.jpg,K
9_195.jpg,9
H_63.JPG,H
R_97.jpg,R
E_56.jpg,E
Q_124.jpg,Q
7_41.jpg,7
Q_24.jpg,Q
5_50.jpg,5
Z_172.JPG,Z
9_178.jpg,9
W_52.jpg,W
J_123.jpg,J
P_95.jpg,P
X_83.jpg,X
A_37.jpg,A
3_33.jpg,3
O_160.JPG,O
D_14.jpg,D
A_32.jpg,A
A_55.jpg,A
H_65.JPG,H
K_58.jpg,K
4_197.jpg,4
I_5.jpg,I
6_70.jpg,6
M_195.JPG,M
E_95.jpg,E
8_108.JPG,8
H_48.JPG,H
X_109.jpg,X
6_80.jpg,6
3_126.jpg,3
G_226.jpg,G
F_143.jpg,F
8_128.JPG,8
D_161.jpg,D
9_17.jpg,9
I_75.jpg,I
N_142.JPG,N
T_174.jpg,T
9_24.jpg,9
2_24.jpg,2
R_62.jpg,R
W_28.jpg,W
5_57.jpg,5
E_209.jpg,E
S_221.jpg,S
4_144.jpg,4
X_202.JPG,X
J_159.jpg,J
I_162.JPG,I
Z_167.JPG,Z
W_148.jpg,W
5_185.jpg,5
M_162.JPG,M
6_125.jpg,6
Z_170.JPG,Z
L_63.jpg,L
1_9.jpg,1
F_104.jpg,F
T_23.jpg,T
F_169.jpg,F
B_141.jpg,B
M_119.JPG,M
9_26.jpg,9
3_101.jpg,3
W_45.jpg,W
1_152.JPG,1
7_73.jpg,7
4_192.jpg,4
9_200.jpg,9
E_131.jpg,E
7_3.jpg,7
H_52.JPG,H
F_44.jpg,F
N_258.JPG,N
3_75.jpg,3
H_147.JPG,H
M_212.JPG,M
M_180.JPG,M
N_14.jpg,N
9_41.jpg,9
3_190.JPG,3
G_108.jpg,G
X_3.jpg,X
Y_10.jpg,Y
R_24.jpg,R
0_78.jpg,0
8_8.jpg,8
P_185.JPG,P
E_146.jpg,E
Q_21.jpg,Q
0_106.JPG,0
E_69.jpg,E
J_6.jpg,J
A_125.jpg,A
O_167.JPG,O
S_224.jpg,S
A_25.jpg,A
N_90.jpg,N
U_147.jpg,U
E_37.jpg,E
J_71.jpg,J
6_18.jpg,6
S_251.jpg,S
L_112.JPG,L
N_154.JPG,N
2_45.jpg,2
O_58.JPG,O
3_120.jpg,3
E_17.jpg,E
4_13.jpg,4
E_125.jpg,E
N_179.JPG,N
P_44.jpg,P
3_82.jpg,3
J_95.jpg,J
A_107.jpg,A
U_33.jpg,U
N_73.jpg,N
K_183.jpg,K
L_145.JPG,L
H_68.JPG,H
T_42.jpg,T
2_15.jpg,2
2_68.jpg,2
4_189.jpg,4
3_2.jpg,3
L_166.JPG,L
F_39.jpg,F
I_109.jpg,I
E_93.jpg,E
B_111.jpg,B
C_37.jpg,C
5_16.jpg,5
S_14.jpg,S
S_191.jpg,S
B_33.jpg,B
Z_64.jpg,Z
O_182.JPG,O
U_15.jpg,U
3_105.jpg,3
L_55.jpg,L
X_146.JPG,X
N_241.JPG,N
6_68.jpg,6
4_48.jpg,4
5_24.jpg,5
Q_65.jpg,Q
V_140.jpg,V
2_19.jpg,2
S_223.jpg,S
E_33.jpg,E
5_110.jpg,5
P_180.JPG,P
7_178.jpg,7
5_35.jpg,5
P_138.JPG,P
8_70.jpg,8
I_47.jpg,I
O_153.JPG,O
D_142.jpg,D
L_179.JPG,L
Y_173.jpg,Y
D_99.jpg,D
N_62.jpg,N
N_191.JPG,N
X_35.jpg,X
M_231.JPG,M
0_47.jpg,0
S_161.jpg,S
X_162.JPG,X
0_31.jpg,0
M_110.JPG,M
4_147.jpg,4
R_5.jpg,R
E_50.jpg,E
9_137.jpg,9
W_13.jpg,W
B_25.jpg,B
1_109.jpg,1
H_197.JPG,H
Z_8.jpg,Z
B_110.jpg,B
G_153.jpg,G
M_83.jpg,M
G_225.jpg,G
7_51.jpg,7
R_154.jpg,R
S_209.jpg,S
A_61.jpg,A
7_57.jpg,7
S_163.jpg,S
C_79.jpg,C
2_52.jpg,2
I_218.JPG,I
2_163.jpg,2
V_133.jpg,V
8_114.JPG,8
K_68.jpg,K
U_142.jpg,U
B_30.jpg,B
N_146.JPG,N
P_136.JPG,P
5_76.jpg,5
P_97.jpg,P
U_208.jpg,U
7_77.jpg,7
Z_54.jpg,Z
K_47.jpg,K
P_31.jpg,P
3_136.jpg,3
S_21.jpg,S
7_71.jpg,7
Y_106.jpg,Y
H_99.JPG,H
O_125.JPG,O
T_112.jpg,T
1_6.jpg,1
X_99.jpg,X
S_107.jpg,S
Q_8.jpg,Q
5_114.jpg,5
4_167.jpg,4
S_33.jpg,S
A_137.jpg,A
X_100.jpg,X
M_147.JPG,M
R_45.jpg,R
2_14.jpg,2
S_282.jpg,S
F_10.jpg,F
3_253.JPG,3
N_165.JPG,N
A_75.jpg,A
3_76.jpg,3
E_192.jpg,E
S_85.jpg,S
X_151.JPG,X
6_138.jpg,6
4_25.jpg,4
G_42.jpg,G
I_188.JPG,I
K_143.jpg,K
1_7.jpg,1
3_157.jpg,3
C_111.jpg,C
S_18.jpg,S
C_104.jpg,C
K_145.jpg,K
2_178.jpg,2
J_170.jpg,J
P_88.jpg,P
3_210.JPG,3
1_42.jpg,1
7_189.jpg,7
R_46.jpg,R
E_72.jpg,E
N_234.JPG,N
S_43.jpg,S
4_9.jpg,4
N_261.JPG,N
E_3.jpg,E
V_42.jpg,V
8_12.jpg,8
R_106.jpg,R
6_60.jpg,6
E_184.jpg,E
N_178.JPG,N
Q_43.jpg,Q
U_175.jpg,U
0_131.JPG,0
4_28.jpg,4
7_151.jpg,7
C_164.jpg,C
Q_36.jpg,Q
X_122.jpg,X
M_36.jpg,M
P_70.jpg,P
F_58.jpg,F
Y_73.jpg,Y
E_88.jpg,E
Y_50.jpg,Y
1_122.jpg,1
W_98.jpg,W
I_39.jpg,I
D_97.jpg,D
P_94.jpg,P
0_6.jpg,0
Z_185.JPG,Z
S_15.jpg,S
B_40.jpg,B
S_148.jpg,S
I_213.JPG,I
H_151.JPG,H
6_116.jpg,6
G_143.jpg,G
B_147.jpg,B
J_13.jpg,J
N_31.jpg,N
W_90.jpg,W
0_86.jpg,0
D_160.jpg,D
F_2.jpg,F
R_89.jpg,R
3_102.jpg,3
E_147.jpg,E
I_200.JPG,I
3_12.jpg,3
1_163.JPG,1
M_197.JPG,M
Q_58.jpg,Q
B_37.jpg,B
1_70.jpg,1
V_10.jpg,V
J_31.jpg,J
J_167.jpg,J
M_107.JPG,M
J_41.jpg,J
R_1.jpg,R
G_29.jpg,G
0_92.jpg,0
I_160.JPG,I
K_150.jpg,K
H_224.JPG,H
8_141.JPG,8
3_251.JPG,3
H_14.JPG,H
7_174.jpg,7
C_34.jpg,C
K_165.jpg,K
O_195.JPG,O
L_133.JPG,L
A_9.jpg,A
C_49.jpg,C
S_35.jpg,S
U_153.jpg,U
T_24.jpg,T
S_17.jpg,S
Z_50.jpg,Z
X_90.jpg,X
0_34.jpg,0
Y_147.jpg,Y
2_107.jpg,2
Q_152.jpg,Q
J_98.jpg,J
U_167.jpg,U
L_140.JPG,L
H_207.JPG,H
P_164.JPG,P
S_180.jpg,S
P_40.jpg,P
F_136.jpg,F
A_84.jpg,A
Z_147.jpg,Z
D_125.jpg,D
O_20.jpg,O
G_231.jpg,G
I_224.JPG,I
0_109.JPG,0
6_120.jpg,6
N_50.jpg,N
X_6.jpg,X
S_36.jpg,S
H_190.JPG,H
H_6.JPG,H
Q_49.jpg,Q
R_79.jpg,R
L_84.JPG,L
Y_36.jpg,Y
I_72.jpg,I
7_15.jpg,7
R_150.jpg,R
2_119.jpg,2
I_90.jpg,I
H_0.JPG,H
C_30.jpg,C
O_144.JPG,O
E_20.jpg,E
D_18.jpg,D
N_229.JPG,N
5_33.jpg,5
O_65.JPG,O
0_175.JPG,0
4_88.jpg,4
F_164.jpg,F
6_152.jpg,6
T_157.jpg,T
2_126.jpg,2
G_57.jpg,G
M_156.JPG,M
6_150.jpg,6
X_2.jpg,X
7_101.jpg,7
T_156.jpg,T
T_163.jpg,T
A_87.jpg,A
X_78.jpg,X
B_66.jpg,B
C_132.jpg,C
2_55.jpg,2
M_82.jpg,M
N_120.JPG,N
R_84.jpg,R
T_87.jpg,T
X_126.jpg,X
J_135.jpg,J
E_27.jpg,E
1_136.jpg,1
L_169.JPG,L
J_137.jpg,J
D_71.jpg,D
3_174.JPG,3
1_10.jpg,1
I_120.jpg,I
E_198.jpg,E
8_83.jpg,8
0_162.JPG,0
W_99.jpg,W
R_109.jpg,R
9_197.jpg,9
N_76.jpg,N
7_121.jpg,7
N_51.jpg,N
X_183.JPG,X
M_150.JPG,M
D_0.jpg,D
W_38.jpg,W
Q_97.jpg,Q
1_83.jpg,1
1_164.JPG,1
I_181.JPG,I
P_66.jpg,P
V_34.jpg,V
V_74.jpg,V
D_1.jpg,D
4_134.jpg,4
C_109.jpg,C
U_107.jpg,U
5_112.jpg,5
I_204.JPG,I
O_136.JPG,O
2_20.jpg,2
G_76.jpg,G
Y_72.jpg,Y
9_61.jpg,9
U_265.jpg,U
K_14.jpg,K
Q_119.jpg,Q
G_182.jpg,G
0_41.jpg,0
5_38.jpg,5
H_213.JPG,H
2_17.jpg,2
R_57.jpg,R
7_6.jpg,7
Y_154.jpg,Y
3_115.jpg,3
C_85.jpg,C
E_39.jpg,E
P_184.JPG,P
M_45.jpg,M
3_208.JPG,3
2_65.jpg,2
K_131.jpg,K
Y_92.jpg,Y
D_93.jpg,D
E_4.jpg,E
H_233.JPG,H
B_26.jpg,B
3_181.JPG,3
6_81.jpg,6
Q_27.jpg,Q
N_46.jpg,N
V_36.jpg,V
3_122.jpg,3
V_165.jpg,V
P_108.jpg,P
C_69.jpg,C
B_81.jpg,B
A_12.jpg,A
F_12.jpg,F
9_0.jpg,9
Z_138.jpg,Z
5_59.jpg,5
J_40.jpg,J
X_4.jpg,X
S_166.jpg,S
8_11.jpg,8
5_136.jpg,5
C_52.jpg,C
I_195.JPG,I
6_99.jpg,6
R_18.jpg,R
2_41.jpg,2
O_66.JPG,O
A_54.jpg,A
P_8.jpg,P
0_83.jpg,0
F_165.jpg,F
Q_156.jpg,Q
P_64.jpg,P
Z_12.jpg,Z
M_232.JPG,M
9_57.jpg,9
W_92.jpg,W
N_39.jpg,N
H_164.JPG,H
Y_46.jpg,Y
Q_0.jpg,Q
0_73.jpg,0
8_93.JPG,8
K_15.jpg,K
7_14.jpg,7
8_146.JPG,8
K_98.jpg,K
D_139.jpg,D
S_143.jpg,S
I_113.jpg,I
M_151.JPG,M
A_73.jpg,A
D_41.jpg,D
R_83.jpg,R
G_11.jpg,G
P_58.jpg,P
8_4.jpg,8
U_110.jpg,U
S_149.jpg,S
G_216.jpg,G
1_71.jpg,1
X_163.JPG,X
W_64.jpg,W
U_112.jpg,U
K_87.jpg,K
5_159.jpg,5
A_115.jpg,A
U_259.jpg,U
1_0.jpg,1
6_119.jpg,6
K_137.jpg,K
J_50.jpg,J
M_93.jpg,M
8_94.JPG,8
6_141.jpg,6
O_92.JPG,O
P_194.JPG,P
Z_149.JPG,Z
4_113.jpg,4
Q_105.jpg,Q
G_155.jpg,G
N_2.jpg,N
W_25.jpg,W
W_153.jpg,W
L_77.JPG,L
E_189.jpg,E
X_72.jpg,X
D_92.jpg,D
8_89.jpg,8
I_128.JPG,I
T_86.jpg,T
S_86.jpg,S
H_185.JPG,H
G_224.jpg,G
O_129.JPG,O
1_33.jpg,1
V_156.jpg,V
9_49.jpg,9
F_38.jpg,F
M_98.jpg,M
C_110.jpg,C
A_130.jpg,A
L_5.jpg,L
H_175.JPG,H
V_109.jpg,V
Z_28.jpg,Z
5_9.jpg,5
I_38.jpg,I
T_61.jpg,T
O_156.JPG,O
P_166.JPG,P
U_185.jpg,U
W_95.jpg,W
3_159.JPG,3
0_30.jpg,0
P_139.JPG,P
Q_138.jpg,Q
P_196.JPG,P
R_11.jpg,R
0_188.JPG,0
F_31.jpg,F
3_29.jpg,3
T_137.jpg,T
6_75.jpg,6
X_29.jpg,X
L_50.jpg,L
I_106.jpg,I
K_83.jpg,K
I_15.jpg,I
B_106.jpg,B
Z_10.jpg,Z
0_5.jpg,0
X_10.jpg,X
U_88.jpg,U
J_77.jpg,J
W_83.jpg,W
5_64.jpg,5
R_0.jpg,R
H_44.JPG,H
G_116.jpg,G
H_168.JPG,H
3_40.jpg,3
H_10.JPG,H
W_127.jpg,W
F_129.jpg,F
E_148.jpg,E
L_34.jpg,L
P_178.JPG,P
Y_75.jpg,Y
U_85.jpg,U
F_73.jpg,F
O_67.JPG,O
A_28.jpg,A
X_116.jpg,X
S_7.jpg,S
3_0.jpg,3
9_15.jpg,9
Z_117.jpg,Z
Z_193.JPG,Z
G_189.jpg,G
W_79.jpg,W
U_27.jpg,U
Y_63.jpg,Y
6_164.jpg,6
H_21.JPG,H
7_67.jpg,7
E_0.jpg,E
3_128.jpg,3
W_80.jpg,W
V_158.jpg,V
V_47.jpg,V
E_97.jpg,E
7_80.jpg,7
M_184.JPG,M
V_46.jpg,V
K_160.jpg,K
9_113.jpg,9
M_185.JPG,M
M_188.JPG,M
7_190.jpg,7
D_37.jpg,D
3_78.jpg,3
E_70.jpg,E
9_210.jpg,9
0_122.JPG,0
A_131.jpg,A
W_119.jpg,W
V_160.jpg,V
S_265.jpg,S
I_110.jpg,I
L_148.JPG,L
C_142.jpg,C
7_145.jpg,7
9_192.jpg,9
9_40.jpg,9
Z_58.jpg,Z
N_149.JPG,N
Q_34.jpg,Q
O_6.jpg,O
I_131.JPG,I
Z_199.JPG,Z
N_84.jpg,N
4_152.jpg,4
4_64.jpg,4
Y_19.jpg,Y
W_103.jpg,W
H_254.JPG,H
A_3.jpg,A
5_90.jpg,5
K_9.jpg,K
S_132.jpg,S
5_239.jpg,5
Y_53.jpg,Y
G_14.jpg,G
N_265.JPG,N
J_14.jpg,J
B_72.jpg,B
K_77.jpg,K
F_101.jpg,F
D_141.jpg,D
B_68.jpg,B
T_148.jpg,T
S_233.jpg,S
L_80.JPG,L
H_110.JPG,H
G_217.jpg,G
L_89.JPG,L
G_27.jpg,G
7_42.jpg,7
O_146.JPG,O
O_114.JPG,O
5_152.jpg,5
X_174.JPG,X
Z_128.jpg,Z
C_10.jpg,C
D_138.jpg,D
V_71.jpg,V
U_108.jpg,U
G_170.jpg,G
3_172.JPG,3
U_150.jpg,U
N_24.jpg,N
E_53.jpg,E
N_138.JPG,N
Z_65.jpg,Z
V_23.jpg,V
X_89.jpg,X
V_126.jpg,V
J_162.jpg,J
P_34.jpg,P
9_189.jpg,9
L_121.JPG,L
9_85.jpg,9
D_15.jpg,D
1_54.jpg,1
V_172.jpg,V
7_144.jpg,7
9_175.jpg,9
C_58.jpg,C
C_147.jpg,C
T_141.jpg,T
Q_126.jpg,Q
C_89.jpg,C
3_20.jpg,3
X_30.jpg,X
0_29.jpg,0
M_160.JPG,M
V_157.jpg,V
Z_174.JPG,Z
Z_1.jpg,Z
7_12.jpg,7
B_28.jpg,B
F_54.jpg,F
5_125.jpg,5
K_76.jpg,K
K_55.jpg,K
N_139.JPG,N
S_168.jpg,S
L_20.jpg,L
U_179.jpg,U
Z_190.JPG,Z
C_29.jpg,C
B_64.jpg,B
K_180.jpg,K
T_96.jpg,T
F_162.jpg,F
6_21.jpg,6
3_8.jpg,3
4_8.jpg,4
D_73.jpg,D
T_31.jpg,T
S_114.jpg,S
P_98.jpg,P
5_229.jpg,5
Z_20.jpg,Z
9_59.jpg,9
O_52.JPG,O
J_67.jpg,J
3_225.JPG,3
X_86.jpg,X
S_246.jpg,S
T_120.jpg,T
H_232.JPG,H
U_213.jpg,U
9_67.jpg,9
E_14.jpg,E
E_215.jpg,E
S_247.jpg,S
1_56.jpg,1
H_179.JPG,H
P_57.jpg,P
6_53.jpg,6
T_5.jpg,T
O_93.JPG,O
J_22.jpg,J
B_113.jpg,B
C_8.jpg,C
J_1.jpg,J
N_15.jpg,N
I_122.jpg,I
Y_123.jpg,Y
O_76.JPG,O
I_217.JPG,I
F_14.jpg,F
M_11.jpg,M
X_70.jpg,X
E_47.jpg,E
0_43.jpg,0
G_198.jpg,G
Z_96.jpg,Z
N_37.jpg,N
9_33.jpg,9
N_246.JPG,N
A_74.jpg,A
1_124.jpg,1
L_71.jpg,L
1_125.jpg,1
B_4.jpg,B
V_64.jpg,V
U_8.jpg,U
K_59.jpg,K
I_98.jpg,I
K_0.jpg,K
E_43.jpg,E
M_57.jpg,M
V_124.jpg,V
3_207.JPG,3
S_150.jpg,S
G_130.jpg,G
7_65.jpg,7
E_183.jpg,E
6_57.jpg,6
K_30.jpg,K
5_65.jpg,5
Y_33.jpg,Y
V_143.jpg,V
J_129.jpg,J
F_41.jpg,F
M_168.JPG,M
B_112.jpg,B
C_117.jpg,C
N_44.jpg,N
2_131.jpg,2
R_112.jpg,R
Z_63.jpg,Z
N_3.jpg,N
6_69.jpg,6
I_232.JPG,I
S_153.jpg,S
O_187.JPG,O
A_27.jpg,A
I_43.jpg,I
A_31.jpg,A
0_180.JPG,0
U_82.jpg,U
O_111.JPG,O
V_101.jpg,V
N_81.jpg,N
C_180.jpg,C
4_166.jpg,4
3_57.jpg,3
D_145.jpg,D
3_229.JPG,3
O_60.JPG,O
5_123.jpg,5
6_73.jpg,6
N_205.JPG,N
D_101.jpg,D
I_123.jpg,I
O_33.jpg,O
D_67.jpg,D
G_69.jpg,G
4_155.jpg,4
3_188.JPG,3
T_66.jpg,T
N_88.jpg,N
H_251.JPG,H
3_192.JPG,3
U_201.jpg,U
F_166.jpg,F
Q_79.jpg,Q
D_163.jpg,D
U_119.jpg,U
V_69.jpg,V
Y_163.jpg,Y
J_26.jpg,J
Z_203.JPG,Z
S_110.jpg,S
0_82.jpg,0
W_139.jpg,W
B_133.jpg,B
X_57.jpg,X
9_90.jpg,9
K_125.jpg,K
D_16.jpg,D
H_40.JPG,H
C_194.jpg,C
8_22.jpg,8
A_117.jpg,A
I_229.JPG,I
M_41.jpg,M
3_62.jpg,3
I_23.jpg,I
S_76.jpg,S
D_22.jpg,D
6_101.jpg,6
9_157.jpg,9
E_71.jpg,E
4_128.jpg,4
0_127.JPG,0
Z_89.jpg,Z
L_118.JPG,L
Y_89.jpg,Y
0_181.JPG,0
D_96.jpg,D
5_130.jpg,5
S_87.jpg,S
2_58.jpg,2
U_229.jpg,U
T_153.jpg,T
2_3.jpg,2
I_19.jpg,I
L_116.JPG,L
T_50.jpg,T
M_171.JPG,M
S_89.jpg,S
J_160.jpg,J
7_47.jpg,7
A_5.jpg,A
K_25.jpg,K
F_68.jpg,F
3_97.jpg,3
I_44.jpg,I
O_42.jpg,O
E_98.jpg,E
D_162.jpg,D
4_139.jpg,4
B_90.jpg,B
W_27.jpg,W
2_110.jpg,2
I_84.jpg,I
G_211.jpg,G
Q_114.jpg,Q
H_82.JPG,H
X_121.jpg,X
K_94.jpg,K
Z_55.jpg,Z
S_155.jpg,S
1_75.jpg,1
9_23.jpg,9
H_12.JPG,H
G_68.jpg,G
3_73.jpg,3
Q_116.jpg,Q
4_160.jpg,4
Z_127.jpg,Z
W_109.jpg,W
N_110.JPG,N
Q_2.jpg,Q
S_73.jpg,S
F_5.jpg,F
6_1.jpg,6
I_239.JPG,I
H_73.JPG,H
C_101.jpg,C
F_153.jpg,F
N_99.jpg,N
3_234.JPG,3
L_90.JPG,L
N_152.JPG,N
H_248.JPG,H
P_191.JPG,P
3_43.jpg,3
X_43.jpg,X
U_227.jpg,U
0_125.JPG,0
2_123.jpg,2
8_1.jpg,8
O_164.JPG,O
0_152.JPG,0
K_27.jpg,K
E_111.jpg,E
6_111.jpg,6
J_139.jpg,J
0_64.jpg,0
9_84.jpg,9
6_112.jpg,6
8_47.jpg,8
W_60.jpg,W
0_96.JPG,0
O_26.jpg,O
M_111.JPG,M
N_159.JPG,N
7_72.jpg,7
M_89.jpg,M
L_158.JPG,L
R_35.jpg,R
A_112.jpg,A
0_172.JPG,0
U_21.jpg,U
2_84.jpg,2
W_75.jpg,W
0_81.jpg,0
H_26.JPG,H
H_56.JPG,H
L_125.JPG,L
E_64.jpg,E
Z_74.jpg,Z
Z_47.jpg,Z
Z_39.jpg,Z
T_54.jpg,T
8_117.JPG,8
J_45.jpg,J
C_128.jpg,C
S_125.jpg,S
5_45.jpg,5
5_8.jpg,5
Z_22.jpg,Z
4_202.jpg,4
8_139.JPG,8
A_126.jpg,A
T_99.jpg,T
O_47.jpg,O
F_157.jpg,F
L_78.JPG,L
H_152.JPG,H
3_178.JPG,3
T_56.jpg,T
7_13.jpg,7
E_73.jpg,E
F_158.jpg,F
T_83.jpg,T
F_128.jpg,F
F_92.jpg,F
A_100.jpg,A
C_175.jpg,C
Y_148.jpg,Y
H_2.JPG,H
X_28.jpg,X
H_33.JPG,H
S_218.jpg,S
X_108.jpg,X
6_90.jpg,6
I_22.jpg,I
0_133.JPG,0
F_83.jpg,F
9_2.jpg,9
Z_101.jpg,Z
O_105.JPG,O
9_155.jpg,9
J_33.jpg,J
X_127.jpg,X
I_133.JPG,I
5_142.jpg,5
X_195.JPG,X
D_2.jpg,D
6_167.jpg,6
L_72.jpg,L
1_18.jpg,1
Z_60.jpg,Z
N_251.JPG,N
Z_112.jpg,Z
K_174.jpg,K
A_95.jpg,A
O_25.jpg,O
E_35.jpg,E
U_84.jpg,U
7_68.jpg,7
A_145.jpg,A
9_136.jpg,9
7_105.jpg,7
U_258.jpg,U
H_163.JPG,H
F_110.jpg,F
H_204.JPG,H
6_29.jpg,6
H_174.JPG,H
O_149.JPG,O
K_92.jpg,K
E_12.jpg,E
Y_67.jpg,Y
M_43.jpg,M
7_167.jpg,7
2_60.jpg,2
J_85.jpg,J
U_89.jpg,U
9_64.jpg,9
3_230.JPG,3
N_225.JPG,N
W_22.jpg,W
C_174.jpg,C
8_69.jpg,8
6_109.jpg,6
X_105.jpg,X
N_116.JPG,N
5_105.jpg,5
7_120.jpg,7
3_175.JPG,3
S_100.jpg,S
M_35.jpg,M
I_242.JPG,I
V_142.jpg,V
Y_16.jpg,Y
8_96.JPG,8
K_134.jpg,K
0_49.jpg,0
H_189.JPG,H
G_9.jpg,G
U_162.jpg,U
P_174.JPG,P
G_106.jpg,G
4_203.jpg,4
O_15.jpg,O
T_70.jpg,T
Z_171.JPG,Z
N_186.JPG,N
C_167.jpg,C
3_168.JPG,3
X_201.JPG,X
9_14.jpg,9
0_74.jpg,0
5_161.jpg,5
9_151.jpg,9
M_179.JPG,M
9_97.jpg,9
F_145.jpg,F
6_78.jpg,6
C_57.jpg,C
K_12.jpg,K
F_135.jpg,F
U_264.jpg,U
G_154.jpg,G
Z_111.jpg,Z
G_33.jpg,G
G_12.jpg,G
5_103.jpg,5
X_88.jpg,X
U_37.jpg,U
M_240.JPG,M
X_143.jpg,X
Y_71.jpg,Y
1_40.jpg,1
1_19.jpg,1
1_103.jpg,1
W_6.jpg,W
2_61.jpg,2
X_60.jpg,X
4_183.jpg,4
2_5.jpg,2
H_177.JPG,H
K_106.jpg,K
W_37.jpg,W
F_112.jpg,F
A_82.jpg,A
7_28.jpg,7
G_210.jpg,G
P_137.JPG,P
0_174.JPG,0
X_55.jpg,X
3_151.jpg,3
V_92.jpg,V
5_241.jpg,5
Y_13.jpg,Y
6_26.jpg,6
I_26.jpg,I
8_95.JPG,8
4_111.jpg,4
T_26.jpg,T
8_145.JPG,8
Q_59.jpg,Q
B_6.jpg,B
U_163.jpg,U
Z_0.jpg,Z
X_24.jpg,X
1_77.jpg,1
Z_5.jpg,Z
S_52.jpg,S
O_96.JPG,O
S_92.jpg,S
U_181.jpg,U
B_102.jpg,B
C_53.jpg,C
C_170.jpg,C
C_95.jpg,C
0_85.jpg,0
9_9.jpg,9
4_55.jpg,4
4_100.jpg,4
2_62.jpg,2
1_98.jpg,1
2_98.jpg,2
D_42.jpg,D
N_101.jpg,N
S_177.jpg,S
D_11.jpg,D
0_76.jpg,0
M_109.JPG,M
P_176.JPG,P
L_120.JPG,L
R_50.jpg,R
2_91.jpg,2
W_30.jpg,W
L_98.JPG,L
Y_114.jpg,Y
M_13.jpg,M
G_98.jpg,G
I_186.JPG,I
2_155.jpg,2
K_89.jpg,K
X_130.jpg,X
N_221.JPG,N
5_158.jpg,5
1_1.jpg,1
B_136.jpg,B
4_23.jpg,4
U_209.jpg,U
G_122.jpg,G
Y_49.jpg,Y
N_41.jpg,N
A_138.jpg,A
C_45.jpg,C
T_33.jpg,T
W_134.jpg,W
V_116.jpg,V
X_198.JPG,X
H_47.JPG,H
O_118.JPG,O
O_84.JPG,O
F_111.jpg,F
Y_56.jpg,Y
O_198.JPG,O
L_100.JPG,L
H_194.JPG,H
H_132.JPG,H
H_88.JPG,H
I_208.JPG,I
U_261.jpg,U
F_45.jpg,F
P_172.JPG,P
7_39.jpg,7
H_49.JPG,H
D_147.jpg,D
X_48.jpg,X
0_136.JPG,0
1_2.jpg,1
R_54.jpg,R
R_122.jpg,R
Z_57.jpg,Z
V_65.jpg,V
J_80.jpg,J
3_67.jpg,3
A_135.jpg,A
Z_214.JPG,Z
I_45.jpg,I
H_226.JPG,H
Q_38.jpg,Q
4_78.jpg,4
H_116.JPG,H
G_157.jpg,G
I_101.jpg,I
C_99.jpg,C
D_84.jpg,D
B_88.jpg,B
5_28.jpg,5
B_125.jpg,B
T_162.jpg,T
M_103.jpg,M
Y_59.jpg,Y
M_120.JPG,M
5_73.jpg,5
2_97.jpg,2
N_63.jpg,N
M_218.JPG,M
3_83.jpg,3
E_1.jpg,E
J_86.jpg,J
F_56.jpg,F
8_72.jpg,8
I_86.jpg,I
U_75.jpg,U
O_50.JPG,O
M_65.jpg,M
9_111.jpg,9
0_159.JPG,0
Z_3.jpg,Z
X_190.JPG,X
V_115.jpg,V
2_141.jpg,2
7_46.jpg,7
X_39.jpg,X
5_61.jpg,5
N_235.JPG,N
G_133.jpg,G
8_51.jpg,8
L_177.JPG,L
Z_113.jpg,Z
9_117.jpg,9
U_187.jpg,U
O_165.JPG,O
C_83.jpg,C
N_237.JPG,N
O_36.jpg,O
X_154.JPG,X
8_63.jpg,8
I_81.jpg,I
T_59.jpg,T
T_173.jpg,T
I_157.JPG,I
9_162.jpg,9
J_69.jpg,J
1_74.jpg,1
X_62.jpg,X
4_102.jpg,4
W_76.jpg,W
4_156.jpg,4
S_262.jpg,S
C_125.jpg,C
P_37.jpg,P
G_168.jpg,G
4_205.jpg,4
7_139.jpg,7
7_91.jpg,7
1_79.jpg,1
P_25.jpg,P
8_153.JPG,8
Y_57.jpg,Y
Y_122.jpg,Y
0_22.jpg,0
S_244.jpg,S
A_40.jpg,A
A_105.jpg,A
L_174.JPG,L
0_123.JPG,0
K_184.jpg,K
S_192.jpg,S
I_59.jpg,I
V_22.jpg,V
3_134.jpg,3
Z_44.jpg,Z
1_91.jpg,1
2_105.jpg,2
6_155.jpg,6
N_1.jpg,N
O_180.JPG,O
1_45.jpg,1
X_189.JPG,X
H_239.JPG,H
J_10.jpg,J
W_78.jpg,W
D_167.jpg,D
N_263.JPG,N
K_4.jpg,K
P_18.jpg,P
O_197.JPG,O
T_7.jpg,T
1_97.jpg,1
0_66.jpg,0
1_185.JPG,1
U_90.jpg,U
L_74.jpg,L
R_137.jpg,R
V_90.jpg,V
T_125.jpg,T
O_22.jpg,O
V_149.jpg,V
4_138.jpg,4
Q_11.jpg,Q
Z_67.jpg,Z
H_149.JPG,H
S_83.jpg,S
R_43.jpg,R
E_6.jpg,E
P_134.JPG,P
E_86.jpg,E
4_200.jpg,4
I_55.jpg,I
C_102.jpg,C
B_138.jpg,B
C_168.jpg,C
0_25.jpg,0
T_121.jpg,T
X_113.jpg,X
G_177.jpg,G
M_50.jpg,M
B_89.jpg,B
1_35.jpg,1
6_163.jpg,6
F_22.jpg,F
G_219.jpg,G
K_40.jpg,K
E_94.jpg,E
H_59.JPG,H
I_243.JPG,I
I_93.jpg,I
O_16.jpg,O
8_67.jpg,8
4_108.jpg,4
U_121.jpg,U
P_117.jpg,P
D_24.jpg,D
R_40.jpg,R
M_226.JPG,M
N_130.JPG,N
Q_32.jpg,Q
O_137.JPG,O
I_196.JPG,I
R_91.jpg,R
Y_86.jpg,Y
M_136.JPG,M
K_42.jpg,K
D_91.jpg,D
X_123.jpg,X
4_186.jpg,4
I_176.JPG,I
S_280.jpg,S
D_104.jpg,D
Y_116.jpg,Y
V_117.jpg,V
0_183.JPG,0
5_88.jpg,5
M_102.jpg,M
7_180.jpg,7
3_94.jpg,3
K_24.jpg,K
1_61.jpg,1
9_177.jpg,9
5_175.jpg,5
5_200.jpg,5
3_124.jpg,3
A_128.jpg,A
K_57.jpg,K
G_90.jpg,G
U_105.jpg,U
0_130.JPG,0
8_157.JPG,8
U_92.jpg,U
9_186.jpg,9
K_28.jpg,K
Z_82.jpg,Z
O_9.jpg,O
T_63.jpg,T
9_96.jpg,9
F_76.jpg,F
N_77.jpg,N
J_59.jpg,J
2_70.jpg,2
D_158.jpg,D
K_19.jpg,K
Z_32.jpg,Z
E_10.jpg,E
6_37.jpg,6
J_151.jpg,J
J_150.jpg,J
X_168.JPG,X
T_21.jpg,T
7_75.jpg,7
U_47.jpg,U
Y_76.jpg,Y
Y_174.jpg,Y
I_206.JPG,I
Q_154.jpg,Q
A_156.jpg,A
F_148.jpg,F
C_40.jpg,C
M_154.JPG,M
E_181.jpg,E
X_11.jpg,X
Y_35.jpg,Y
E_207.jpg,E
H_125.JPG,H
J_17.jpg,J
Q_101.jpg,Q
5_225.jpg,5
U_16.jpg,U
X_21.jpg,X
J_29.jpg,J
9_203.jpg,9
7_160.jpg,7
E_120.jpg,E
O_130.JPG,O
1_93.jpg,1
F_127.jpg,F
W_107.jpg,W
D_119.jpg,D
E_133.jpg,E
6_41.jpg,6
B_78.jpg,B
L_167.JPG,L
N_181.JPG,N
8_20.jpg,8
1_12.jpg,1
Z_73.jpg,Z
O_87.JPG,O
V_89.jpg,V
S_135.jpg,S
Q_3.jpg,Q
R_66.jpg,R
6_56.jpg,6
C_173.jpg,C
P_153.JPG,P
O_38.jpg,O
T_47.jpg,T
9_79.jpg,9
C_154.jpg,C
U_202.jpg,U
E_16.jpg,E
I_78.jpg,I
O_11.jpg,O
N_95.jpg,N
5_205.jpg,5
S_53.jpg,S
5_56.jpg,5
0_84.jpg,0
P_38.jpg,P
K_149.jpg,K
9_60.jpg,9
N_198.JPG,N
M_6.jpg,M
A_22.jpg,A
1_132.jpg,1
5_97.jpg,5
9_138.jpg,9
Y_150.jpg,Y
F_26.jpg,F
Q_84.jpg,Q
F_3.jpg,F
G_111.jpg,G
S_186.jpg,S
U_130.jpg,U
R_136.jpg,R
U_251.jpg,U
N_215.JPG,N
E_130.jpg,E
1_84.jpg,1
D_17.jpg,D
6_34.jpg,6
9_154.jpg,9
G_221.jpg,G
M_34.jpg,M
X_199.JPG,X
U_0.jpg,U
6_106.jpg,6
3_84.jpg,3
N_175.JPG,N
8_61.jpg,8
U_252.jpg,U
E_157.jpg,E
L_151.JPG,L
1_173.JPG,1
W_144.jpg,W
X_142.jpg,X
O_17.jpg,O
H_20.JPG,H
E_158.jpg,E
C_103.jpg,C
R_134.jpg,R
I_71.jpg,I
H_19.JPG,H
M_106.JPG,M
J_105.jpg,J
Y_2.jpg,Y
I_52.jpg,I
O_89.JPG,O
S_214.jpg,S
O_85.JPG,O
P_9.jpg,P
U_196.jpg,U
1_63.jpg,1
Q_1.jpg,Q
9_204.jpg,9
T_90.jpg,T
U_249.jpg,U
V_57.jpg,V
8_46.jpg,8
U_35.jpg,U
3_49.jpg,3
G_175.jpg,G
D_28.jpg,D
L_2.jpg,L
H_192.JPG,H
C_82.jpg,C
W_104.jpg,W
N_7.jpg,N
Y_143.jpg,Y
H_234.JPG,H
6_134.jpg,6
P_59.jpg,P
3_127.jpg,3
L_187.JPG,L
N_202.JPG,N
S_274.jpg,S
B_47.jpg,B
V_173.jpg,V
O_68.JPG,O
G_97.jpg,G
6_10.jpg,6
K_17.jpg,K
3_71.jpg,3
Z_140.jpg,Z
X_136.jpg,X
7_87.jpg,7
I_233.JPG,I
C_144.jpg,C
9_11.jpg,9
X_44.jpg,X
R_75.jpg,R
L_45.jpg,L
C_116.jpg,C
F_63.jpg,F
2_50.jpg,2
M_52.jpg,M
C_81.jpg,C
H_78.JPG,H
F_120.jpg,F
A_96.jpg,A
I_149.JPG,I
V_52.jpg,V
Y_87.jpg,Y
W_121.jpg,W
W_132.jpg,W
R_10.jpg,R
0_7.jpg,0
Z_29.jpg,Z
4_188.jpg,4
S_178.jpg,S
0_28.jpg,0
S_103.jpg,S
I_197.JPG,I
Y_74.jpg,Y
X_145.JPG,X
U_11.jpg,U
K_167.jpg,K
C_14.jpg,C
H_107.JPG,H
Y_5.jpg,Y
X_66.jpg,X
Y_82.jpg,Y
J_44.jpg,J
H_180.JPG,H
H_145.JPG,H
X_206.JPG,X
L_160.JPG,L
E_34.jpg,E
4_157.jpg,4
B_117.jpg,B
G_31.jpg,G
Q_87.jpg,Q
V_151.jpg,V
N_67.jpg,N
L_150.JPG,L
G_44.jpg,G
1_198.JPG,1
Q_132.jpg,Q
L_139.JPG,L
6_61.jpg,6
2_35.jpg,2
G_73.jpg,G
K_41.jpg,K
G_4.jpg,G
L_46.jpg,L
R_132.jpg,R
U_240.jpg,U
Z_61.jpg,Z
0_149.JPG,0
1_37.jpg,1
8_132.JPG,8
T_152.jpg,T
0_141.JPG,0
K_8.jpg,K
0_95.JPG,0
Y_130.jpg,Y
8_88.jpg,8
N_190.JPG,N
I_73.jpg,I
9_145.jpg,9
S_281.jpg,S
D_66.jpg,D
N_20.jpg,N
M_7.jpg,M
0_40.jpg,0
D_129.jpg,D
H_27.JPG,H
7_53.jpg,7
X_82.jpg,X
J_37.jpg,J
V_104.jpg,V
7_50.jpg,7
O_140.JPG,O
3_221.JPG,3
W_88.jpg,W
2_122.jpg,2
0_115.JPG,0
C_98.jpg,C
M_78.jpg,M
U_114.jpg,U
6_79.jpg,6
P_96.jpg,P
7_143.jpg,7
H_193.JPG,H
5_167.jpg,5
E_100.jpg,E
K_34.jpg,K
S_65.jpg,S
7_100.jpg,7
3_5.jpg,3
P_26.jpg,P
3_196.JPG,3
5_220.jpg,5
E_199.jpg,E
8_76.jpg,8
M_115.JPG,M
Y_97.jpg,Y
F_71.jpg,F
4_163.jpg,4
W_67.jpg,W
D_174.jpg,D
H_205.JPG,H
M_29.jpg,M
Z_19.jpg,Z
3_171.JPG,3
2_23.jpg,2
D_29.jpg,D
5_68.jpg,5
M_221.JPG,M
S_160.jpg,S
U_23.jpg,U
6_140.jpg,6
Z_145.jpg,Z
L_146.JPG,L
U_74.jpg,U
N_60.jpg,N
V_162.jpg,V
U_9.jpg,U
G_191.jpg,G
W_150.jpg,W
Z_216.JPG,Z
0_13.jpg,0
B_73.jpg,B
6_91.jpg,6
A_157.jpg,A
0_46.jpg,0
9_194.jpg,9
Y_14.jpg,Y
K_173.jpg,K
T_122.jpg,T
D_165.jpg,D
V_72.jpg,V
Z_150.JPG,Z
9_141.jpg,9
A_89.jpg,A
2_93.jpg,2
Y_170.jpg,Y
N_164.JPG,N
X_180.JPG,X
C_91.jpg,C
J_49.jpg,J
J_100.jpg,J
T_159.jpg,T
N_8.jpg,N
U_137.jpg,U
U_132.jpg,U
4_46.jpg,4
1_191.JPG,1
O_148.JPG,O
M_10.jpg,M
S_75.jpg,S
J_64.jpg,J
B_134.jpg,B
A_62.jpg,A
J_0.jpg,J
D_152.jpg,D
H_93.JPG,H
9_184.jpg,9
5_80.jpg,5
U_241.jpg,U
C_21.jpg,C
X_176.JPG,X
3_111.jpg,3
3_201.JPG,3
U_125.jpg,U
O_3.jpg,O
T_13.jpg,T
0_176.JPG,0
Z_87.jpg,Z
S_200.jpg,S
V_48.jpg,V
X_191.JPG,X
4_150.jpg,4
3_155.jpg,3
Y_32.jpg,Y
J_112.jpg,J
B_35.jpg,B
P_190.JPG,P
Q_71.jpg,Q
6_115.jpg,6
L_75.JPG,L
9_3.jpg,9
M_214.JPG,M
I_203.JPG,I
X_159.JPG,X
4_73.jpg,4
X_9.jpg,X
K_176.jpg,K
U_155.jpg,U
P_105.jpg,P
V_16.jpg,V
3_37.jpg,3
4_172.jpg,4
A_46.jpg,A
0_101.JPG,0
V_40.jpg,V
N_127.JPG,N
G_149.jpg,G
6_40.jpg,6
2_67.jpg,2
Y_172.jpg,Y
S_2.jpg,S
X_5.jpg,X
H_246.JPG,H
I_8.jpg,I
Q_98.jpg,Q
C_92.jpg,C
0_1.jpg,0
0_58.jpg,0
E_127.jpg,E
8_23.jpg,8
5_42.jpg,5
G_158.jpg,G
I_118.jpg,I
J_99.jpg,J
T_2.jpg,T
N_54.jpg,N
K_151.jpg,K
1_182.JPG,1
S_222.jpg,S
S_208.jpg,S
R_138.jpg,R
J_47.jpg,J
E_22.jpg,E
V_61.jpg,V
I_57.jpg,I
4_90.jpg,4
J_146.jpg,J
A_20.jpg,A
9_53.jpg,9
F_146.jpg,F
T_38.jpg,T
G_13.jpg,G
F_36.jpg,F
8_149.JPG,8
1_146.JPG,1
U_260.jpg,U
M_19.jpg,M
H_41.JPG,H
3_160.JPG,3
L_178.JPG,L
Y_66.jpg,Y
7_83.jpg,7
U_20.jpg,U
C_2.jpg,C
8_120.JPG,8
F_34.jpg,F
6_89.jpg,6
Z_78.jpg,Z
N_118.JPG,N
S_146.jpg,S
J_125.jpg,J
3_232.JPG,3
S_1.jpg,S
H_249.JPG,H
R_55.jpg,R
Q_7.jpg,Q
U_151.jpg,U
V_103.jpg,V
K_185.jpg,K
9_8.jpg,9
I_94.jpg,I
E_13.jpg,E
X_13.jpg,X
G_145.jpg,G
C_38.jpg,C
9_209.jpg,9
2_39.jpg,2
Z_37.jpg,Z
4_101.jpg,4
Y_48.jpg,Y
5_92.jpg,5
6_82.jpg,6
E_2.jpg,E
V_134.jpg,V
M_60.jpg,M
D_7.jpg,D
Y_107.jpg,Y
6_143.jpg,6
M_12.jpg,M
8_107.JPG,8
6_147.jpg,6
O_147.JPG,O
O_174.JPG,O
C_123.jpg,C
C_138.jpg,C
C_31.jpg,C
V_145.jpg,V
O_162.JPG,O
7_76.jpg,7
F_122.jpg,F
S_225.jpg,S
6_5.jpg,6
W_70.jpg,W
X_34.jpg,X
4_41.jpg,4
D_74.jpg,D
P_197.JPG,P
D_59.jpg,D
I_137.JPG,I
H_208.JPG,H
E_122.jpg,E
B_152.jpg,B
E_205.jpg,E
L_164.JPG,L
2_104.jpg,2
P_5.jpg,P
9_206.jpg,9
3_143.jpg,3
1_126.jpg,1
7_5.jpg,7
0_134.JPG,0
K_32.jpg,K
N_257.JPG,N
A_0.jpg,A
8_37.jpg,8
0_165.JPG,0
S_136.jpg,S
2_21.jpg,2
R_119.jpg,R
P_192.JPG,P
R_9.jpg,R
K_97.jpg,K
X_114.jpg,X
T_124.jpg,T
J_9.jpg,J
2_18.jpg,2
M_84.jpg,M
H_92.JPG,H
J_144.jpg,J
4_153.jpg,4
C_139.jpg,C
E_185.jpg,E
N_188.JPG,N
N_166.JPG,N
4_37.jpg,4
K_73.jpg,K
8_54.jpg,8
2_144.jpg,2
0_98.JPG,0
M_137.JPG,M
C_23.jpg,C
T_14.jpg,T
M_133.JPG,M
O_158.JPG,O
5_78.jpg,5
L_73.jpg,L
4_0.jpg,4
F_80.jpg,F
H_42.JPG,H
1_161.JPG,1
I_241.JPG,I
I_2.jpg,I
T_98.jpg,T
T_15.jpg,T
O_128.JPG,O
Q_28.jpg,Q
A_50.jpg,A
N_170.JPG,N
S_124.jpg,S
J_118.jpg,J
H_3.JPG,H
B_129.jpg,B
7_176.jpg,7
U_49.jpg,U
J_46.jpg,J
A_67.jpg,A
C_122.jpg,C
6_87.jpg,6
8_32.jpg,8
9_163.jpg,9
C_120.jpg,C
K_166.jpg,K
C_119.jpg,C
1_26.jpg,1
5_37.jpg,5
0_75.jpg,0
1_49.jpg,1
5_129.jpg,5
M_140.JPG,M
4_67.jpg,4
L_92.JPG,L
O_43.jpg,O
I_21.jpg,I
0_14.jpg,0
I_82.jpg,I
S_278.jpg,S
Y_133.jpg,Y
2_167.jpg,2
U_124.jpg,U
O_31.jpg,O
D_134.jpg,D
7_60.jpg,7
E_25.jpg,E
X_47.jpg,X
X_175.JPG,X
L_8.jpg,L
E_197.jpg,E
K_44.jpg,K
G_99.jpg,G
J_48.jpg,J
O_23.jpg,O
C_86.jpg,C
A_7.jpg,A
X_141.jpg,X
Z_25.jpg,Z
1_48.jpg,1
4_3.jpg,4
W_124.jpg,W
P_171.JPG,P
D_107.jpg,D
T_118.jpg,T
2_34.jpg,2
Y_88.jpg,Y
7_164.jpg,7
O_134.JPG,O
P_80.jpg,P
B_50.jpg,B
L_189.JPG,L
V_102.jpg,V
Y_152.jpg,Y
4_58.jpg,4
U_71.jpg,U
L_131.JPG,L
B_77.jpg,B
X_45.jpg,X
7_10.jpg,7
S_77.jpg,S
S_272.jpg,S
G_193.jpg,G
P_103.jpg,P
F_139.jpg,F
N_158.JPG,N
2_42.jpg,2
X_115.jpg,X
C_44.jpg,C
5_231.jpg,5
S_37.jpg,S
J_87.jpg,J
6_46.jpg,6
2_127.jpg,2
2_164.jpg,2
0_119.JPG,0
3_72.jpg,3
7_31.jpg,7
8_39.jpg,8
O_122.JPG,O
D_8.jpg,D
T_82.jpg,T
U_46.jpg,U
4_117.jpg,4
7_55.jpg,7
C_127.jpg,C
0_161.JPG,0
E_28.jpg,E
N_70.jpg,N
6_19.jpg,6
I_80.jpg,I
L_17.jpg,L
L_11.jpg,L
9_10.jpg,9
I_103.jpg,I
P_43.jpg,P
Y_168.jpg,Y
5_172.jpg,5
1_58.jpg,1
A_15.jpg,A
7_82.jpg,7
7_185.jpg,7
E_9.jpg,E
Z_166.JPG,Z
F_147.jpg,F
M_130.JPG,M
F_43.jpg,F
S_80.jpg,S
R_3.jpg,R
F_42.jpg,F
N_236.JPG,N
7_49.jpg,7
O_19.jpg,O
5_43.jpg,5
Z_95.jpg,Z
4_69.jpg,4
G_160.jpg,G
1_174.JPG,1
6_36.jpg,6
H_71.JPG,H
N_238.JPG,N
F_11.jpg,F
X_16.jpg,X
X_155.JPG,X
F_37.jpg,F
V_33.jpg,V
D_164.jpg,D
U_191.jpg,U
N_239.JPG,N
K_51.jpg,K
Q_16.jpg,Q
7_59.jpg,7
N_223.JPG,N
K_148.jpg,K
9_89.jpg,9
7_150.jpg,7
W_136.jpg,W
Z_154.JPG,Z
0_45.jpg,0
E_220.jpg,E
P_83.jpg,P
S_189.jpg,S
E_201.jpg,E
6_118.jpg,6
V_77.jpg,V
D_118.jpg,D
U_189.jpg,U
5_194.jpg,5
7_111.jpg,7
5_84.jpg,5
9_106.jpg,9
J_2.jpg,J
I_121.jpg,I
O_133.JPG,O
7_132.jpg,7
L_18.jpg,L
S_227.jpg,S
J_164.jpg,J
H_83.JPG,H
D_39.jpg,D
6_64.jpg,6
5_36.jpg,5
E_142.jpg,E
E_218.jpg,E
B_52.jpg,B
J_12.jpg,J
5_95.jpg,5
S_121.jpg,S
A_150.jpg,A
N_36.jpg,N
Z_159.JPG,Z
7_96.jpg,7
9_62.jpg,9
P_36.jpg,P
T_9.jpg,T
7_148.jpg,7
Q_56.jpg,Q
D_173.jpg,D
N_35.jpg,N
R_47.jpg,R
C_118.jpg,C
D_151.jpg,D
B_126.jpg,B
4_178.jpg,4
Q_99.jpg,Q
Y_121.jpg,Y
M_222.JPG,M
E_139.jpg,E
R_36.jpg,R
8_104.JPG,8
M_88.jpg,M
F_95.jpg,F
H_11.JPG,H
T_154.jpg,T
E_114.jpg,E
8_80.jpg,8
G_215.jpg,G
4_36.jpg,4
8_10.jpg,8
Z_131.jpg,Z
G_180.jpg,G
T_151.jpg,T
X_68.jpg,X
Z_207.JPG,Z
B_27.jpg,B
H_215.JPG,H
X_107.jpg,X
1_145.JPG,1
2_74.jpg,2
E_216.jpg,E
4_140.jpg,4
4_171.jpg,4
X_93.jpg,X
N_97.jpg,N
B_101.jpg,B
P_33.jpg,P
B_140.jpg,B
P_101.jpg,P
M_38.jpg,M
5_101.jpg,5
S_6.jpg,S
8_0.jpg,8
S_254.jpg,S
G_121.jpg,G
1_52.jpg,1
0_39.jpg,0
H_122.JPG,H
U_79.jpg,U
1_184.JPG,1
B_98.jpg,B
G_89.jpg,G
V_53.jpg,V
J_30.jpg,J
E_32.jpg,E
5_196.jpg,5
U_24.jpg,U
H_219.JPG,H
Y_38.jpg,Y
9_94.jpg,9
7_1.jpg,7
6_38.jpg,6
N_194.JPG,N
T_175.jpg,T
1_72.jpg,1
P_157.JPG,P
K_101.jpg,K
V_107.jpg,V
8_50.jpg,8
1_149.JPG,1
5_221.jpg,5
3_222.JPG,3
S_193.jpg,S
7_141.jpg,7
W_87.jpg,W
3_59.jpg,3
F_109.jpg,F
X_140.jpg,X
2_85.jpg,2
X_12.jpg,X
Y_22.jpg,Y
K_11.jpg,K
H_253.JPG,H
G_223.jpg,G
V_18.jpg,V
R_64.jpg,R
3_261.JPG,3
1_162.JPG,1
A_153.jpg,A
H_165.JPG,H
Z_177.JPG,Z
5_210.jpg,5
M_208.JPG,M
2_165.jpg,2
K_171.jpg,K
4_30.jpg,4
Z_115.jpg,Z
4_176.jpg,4
0_151.JPG,0
A_6.jpg,A
T_110.jpg,T
J_35.jpg,J
V_78.jpg,V
H_29.JPG,H
D_5.jpg,D
3_103.jpg,3
C_90.jpg,C
R_110.jpg,R
U_34.jpg,U
B_69.jpg,B
M_170.JPG,M
J_119.jpg,J
7_140.jpg,7
E_74.jpg,E
S_216.jpg,S
E_119.jpg,E
F_0.jpg,F
G_8.jpg,G
4_124.jpg,4
Y_96.jpg,Y
H_77.JPG,H
T_68.jpg,T
3_245.JPG,3
Q_29.jpg,Q
J_154.jpg,J
2_106.jpg,2
B_17.jpg,B
H_117.JPG,H
D_46.jpg,D
F_102.jpg,F
Z_178.JPG,Z
X_112.jpg,X
I_20.jpg,I
G_61.jpg,G
C_64.jpg,C
7_159.jpg,7
S_74.jpg,S
E_103.jpg,E
4_98.jpg,4
V_132.jpg,V
J_140.jpg,J
E_200.jpg,E
B_46.jpg,B
K_130.jpg,K
4_187.jpg,4
X_118.jpg,X
K_123.jpg,K
3_147.jpg,3
H_58.JPG,H
8_55.jpg,8
A_11.jpg,A
K_158.jpg,K
3_98.jpg,3
Q_74.jpg,Q
G_100.jpg,G
2_174.jpg,2
V_122.jpg,V
Y_0.jpg,Y
2_29.jpg,2
P_17.jpg,P
S_258.jpg,S
T_4.jpg,T
Q_70.jpg,Q
Z_215.JPG,Z
R_49.jpg,R
W_112.jpg,W
L_136.JPG,L
5_174.jpg,5
0_190.JPG,0
E_55.jpg,E
Z_30.jpg,Z
D_166.jpg,D
N_32.jpg,N
Z_49.jpg,Z
S_54.jpg,S
Y_161.jpg,Y
4_49.jpg,4
W_84.jpg,W
F_149.jpg,F
N_174.JPG,N
S_145.jpg,S
K_100.jpg,K
C_177.jpg,C
O_10.jpg,O
C_145.jpg,C
P_132.JPG,P
0_138.JPG,0
5_120.jpg,5
U_14.jpg,U
M_146.JPG,M
T_32.jpg,T
C_195.jpg,C
A_101.jpg,A
H_97.JPG,H
B_97.jpg,B
Y_120.jpg,Y
P_121.jpg,P
M_216.JPG,M
R_76.jpg,R
G_5.jpg,G
4_104.jpg,4
S_184.jpg,S
Q_131.jpg,Q
T_44.jpg,T
N_49.jpg,N
3_219.JPG,3
Z_205.JPG,Z
Z_125.jpg,Z
3_145.jpg,3
A_44.jpg,A
O_194.JPG,O
W_91.jpg,W
O_37.jpg,O
3_7.jpg,3
G_7.jpg,G
J_11.jpg,J
X_65.jpg,X
3_56.jpg,3
E_78.jpg,E
3_228.JPG,3
M_97.jpg,M
H_154.JPG,H
L_62.jpg,L
J_101.jpg,J
1_36.jpg,1
H_218.JPG,H
0_105.JPG,0
E_68.jpg,E
7_102.jpg,7
S_64.jpg,S
3_86.jpg,3
E_77.jpg,E
5_182.jpg,5
0_26.jpg,0
5_132.jpg,5
V_27.jpg,V
V_113.jpg,V
0_140.JPG,0
N_196.JPG,N
3_184.JPG,3
N_53.jpg,N
H_50.JPG,H
N_184.JPG,N
8_84.jpg,8
P_0.jpg,P
3_50.jpg,3
H_8.JPG,H
J_107.jpg,J
2_26.jpg,2
N_109.JPG,N
0_27.jpg,0
F_84.jpg,F
Y_126.jpg,Y
8_110.JPG,8
7_166.jpg,7
2_121.jpg,2
Z_139.jpg,Z
Q_48.jpg,Q
N_68.jpg,N
7_29.jpg,7
5_187.jpg,5
5_156.jpg,5
M_176.JPG,M
D_82.jpg,D
9_22.jpg,9
7_104.jpg,7
H_66.JPG,H
3_233.JPG,3
R_77.jpg,R
X_17.jpg,X
2_54.jpg,2
4_12.jpg,4
0_144.JPG,0
S_171.jpg,S
2_82.jpg,2
3_114.jpg,3
U_197.jpg,U
8_73.jpg,8
U_87.jpg,U
H_229.JPG,H
F_6.jpg,F
0_170.JPG,0
C_77.jpg,C
L_142.JPG,L
0_192.JPG,0
N_11.jpg,N
Z_122.jpg,Z
V_148.jpg,V
R_2.jpg,R
E_129.jpg,E
6_93.jpg,6
J_39.jpg,J
V_50.jpg,V
B_7.jpg,B
K_82.jpg,K
E_123.jpg,E
B_32.jpg,B
N_42.jpg,N
9_25.jpg,9
1_96.jpg,1
1_34.jpg,1
G_118.jpg,G
4_47.jpg,4
K_54.jpg,K
8_74.jpg,8
V_169.jpg,V
F_134.jpg,F
Y_78.jpg,Y
T_103.jpg,T
X_203.JPG,X
Z_155.JPG,Z
O_78.JPG,O
S_45.jpg,S
D_23.jpg,D
C_143.jpg,C
C_50.jpg,C
F_4.jpg,F
N_226.JPG,N
3_36.jpg,3
F_107.jpg,F
4_85.jpg,4
Y_171.jpg,Y
E_164.jpg,E
4_105.jpg,4
K_48.jpg,K
3_99.jpg,3
G_190.jpg,G
3_69.jpg,3
V_17.jpg,V
H_124.JPG,H
0_182.JPG,0
5_25.jpg,5
Q_57.jpg,Q
L_21.jpg,L
B_67.jpg,B
I_211.JPG,I
U_48.jpg,U
Z_6.jpg,Z
W_126.jpg,W
K_22.jpg,K
Y_159.jpg,Y
L_47.jpg,L
6_20.jpg,6
3_35.jpg,3
4_21.jpg,4
T_17.jpg,T
T_48.jpg,T
Y_64.jpg,Y
U_83.jpg,U
Q_63.jpg,Q
T_75.jpg,T
3_45.jpg,3
H_160.JPG,H
V_135.jpg,V
I_76.jpg,I
A_81.jpg,A
Y_119.jpg,Y
7_135.jpg,7
R_86.jpg,R
G_23.jpg,G
V_39.jpg,V
9_172.jpg,9
S_123.jpg,S
4_86.jpg,4
D_128.jpg,D
8_17.jpg,8
I_166.JPG,I
G_60.jpg,G
W_147.jpg,W
Y_7.jpg,Y
9_176.jpg,9
8_44.jpg,8
9_128.jpg,9
R_59.jpg,R
F_88.jpg,F
U_117.jpg,U
3_259.JPG,3
O_190.JPG,O
E_24.jpg,E
G_64.jpg,G
H_237.JPG,H
Z_163.JPG,Z
D_53.jpg,D
T_150.jpg,T
7_186.jpg,7
5_211.jpg,5
5_235.jpg,5
U_174.jpg,U
U_222.jpg,U
S_9.jpg,S
L_32.jpg,L
N_206.JPG,N
5_173.jpg,5
8_137.JPG,8
O_166.JPG,O
P_129.JPG,P
C_9.jpg,C
C_187.jpg,C
5_67.jpg,5
X_42.jpg,X
D_126.jpg,D
H_129.JPG,H
L_94.JPG,L
T_40.jpg,T
I_62.jpg,I
X_96.jpg,X
6_15.jpg,6
A_123.jpg,A
D_58.jpg,D
M_191.JPG,M
O_73.JPG,O
B_151.jpg,B
6_97.jpg,6
1_188.JPG,1
I_35.jpg,I
G_46.jpg,G
4_173.jpg,4
O_138.JPG,O
W_21.jpg,W
C_32.jpg,C
F_151.jpg,F
6_27.jpg,6
2_103.jpg,2
K_74.jpg,K
U_171.jpg,U
X_111.jpg,X
G_218.jpg,G
4_16.jpg,4
1_181.JPG,1
M_177.JPG,M
V_128.jpg,V
T_58.jpg,T
3_34.jpg,3
Y_45.jpg,Y
L_188.JPG,L
1_46.jpg,1
V_95.jpg,V
3_112.jpg,3
E_45.jpg,E
9_179.jpg,9
I_198.JPG,I
8_155.JPG,8
K_181.jpg,K
V_9.jpg,V
1_168.JPG,1
S_79.jpg,S
F_99.jpg,F
H_101.JPG,H
D_34.jpg,D
Z_35.jpg,Z
2_59.jpg,2
8_154.JPG,8
C_152.jpg,C
T_79.jpg,T
T_136.jpg,T
6_159.jpg,6
5_189.jpg,5
E_107.jpg,E
9_81.jpg,9
U_13.jpg,U
N_71.jpg,N
V_153.jpg,V
K_81.jpg,K
C_97.jpg,C
5_82.jpg,5
T_19.jpg,T
6_137.jpg,6
Y_91.jpg,Y
P_23.jpg,P
B_85.jpg,B
V_82.jpg,V
0_69.jpg,0
L_69.jpg,L
K_172.jpg,K
S_109.jpg,S
0_113.JPG,0
L_22.jpg,L
K_71.jpg,K
E_11.jpg,E
S_210.jpg,S
G_22.jpg,G
Z_26.jpg,Z
O_178.JPG,O
7_154.jpg,7
7_108.jpg,7
3_21.jpg,3
U_254.jpg,U
S_156.jpg,S
C_121.jpg,C
1_158.JPG,1
S_268.jpg,S
Z_76.jpg,Z
9_158.jpg,9
E_180.jpg,E
A_143.jpg,A
4_15.jpg,4
4_52.jpg,4
1_140.JPG,1
Y_127.jpg,Y
4_93.jpg,4
F_35.jpg,F
1_53.jpg,1
C_93.jpg,C
I_225.JPG,I
0_171.JPG,0
M_158.JPG,M
H_4.JPG,H
L_154.JPG,L
T_76.jpg,T
5_23.jpg,5
H_155.JPG,H
5_47.jpg,5
M_100.jpg,M
E_19.jpg,E
H_113.JPG,H
1_159.JPG,1
Y_162.jpg,Y
O_112.JPG,O
M_165.JPG,M
C_75.jpg,C
O_101.JPG,O
G_179.jpg,G
7_27.jpg,7
1_95.jpg,1
5_147.jpg,5
G_114.jpg,G
Z_79.jpg,Z
R_117.jpg,R
Q_103.jpg,Q
E_80.jpg,E
E_26.jpg,E
K_120.jpg,K
T_129.jpg,T
E_112.jpg,E
9_188.jpg,9
U_120.jpg,U
X_104.jpg,X
1_133.jpg,1
K_159.jpg,K
I_10.jpg,I
F_1.jpg,F
E_169.jpg,E
V_54.jpg,V
V_83.jpg,V
L_104.JPG,L
3_153.jpg,3
K_53.jpg,K
J_53.jpg,J
0_184.JPG,0
C_47.jpg,C
R_128.jpg,R
T_169.jpg,T
N_79.jpg,N
3_205.JPG,3
R_31.jpg,R
8_71.jpg,8
W_152.jpg,W
S_42.jpg,S
G_194.jpg,G
O_4.jpg,O
W_55.jpg,W
M_122.JPG,M
V_130.jpg,V
R_144.jpg,R
U_106.jpg,U
L_40.jpg,L
P_14.jpg,P
H_186.JPG,H
L_9.jpg,L
1_102.jpg,1
M_18.jpg,M
3_231.JPG,3
1_62.jpg,1
K_29.jpg,K
0_103.JPG,0
S_44.jpg,S
O_193.JPG,O
Y_52.jpg,Y
Y_104.jpg,Y
D_51.jpg,D
5_126.jpg,5
K_93.jpg,K
7_56.jpg,7
Y_112.jpg,Y
F_97.jpg,F
6_63.jpg,6
Q_140.jpg,Q
F_52.jpg,F
Y_65.jpg,Y
E_57.jpg,E
G_161.jpg,G
5_44.jpg,5
E_5.jpg,E
M_181.JPG,M
3_164.JPG,3
N_121.JPG,N
U_54.jpg,U
O_117.JPG,O
9_76.jpg,9
S_16.jpg,S
L_144.JPG,L
N_125.JPG,N
M_123.JPG,M
2_83.jpg,2
2_43.jpg,2
3_63.jpg,3
0_110.JPG,0
N_148.JPG,N
H_106.JPG,H
T_51.jpg,T
H_114.JPG,H
U_220.jpg,U
B_9.jpg,B
I_221.JPG,I
4_29.jpg,4
N_30.jpg,N
B_137.jpg,B
E_102.jpg,E
N_100.jpg,N
W_73.jpg,W
S_158.jpg,S
U_133.jpg,U
0_67.jpg,0
T_41.jpg,T
X_167.JPG,X
8_98.JPG,8
4_11.jpg,4
5_81.jpg,5
H_231.JPG,H
M_143.JPG,M
Q_17.jpg,Q
8_152.JPG,8
V_56.jpg,V
O_113.JPG,O
5_18.jpg,5
Y_62.jpg,Y
9_142.jpg,9
Y_129.jpg,Y
6_7.jpg,6
M_196.JPG,M
P_179.JPG,P
T_45.jpg,T
D_156.jpg,D
6_121.jpg,6
X_144.jpg,X
7_115.jpg,7
1_23.jpg,1
W_72.jpg,W
H_202.JPG,H
K_117.jpg,K
U_140.jpg,U
9_36.jpg,9
G_165.jpg,G
1_29.jpg,1
K_99.jpg,K
U_25.jpg,U
1_80.jpg,1
K_103.jpg,K
B_42.jpg,B
I_127.JPG,I
M_99.jpg,M
S_84.jpg,S
A_152.jpg,A
Y_144.jpg,Y
6_84.jpg,6
Z_94.jpg,Z
S_39.jpg,S
P_78.jpg,P
V_138.jpg,V
R_135.jpg,R
U_243.jpg,U
7_118.jpg,7
J_168.jpg,J
O_53.JPG,O
S_231.jpg,S
T_84.jpg,T
D_40.jpg,D
N_219.JPG,N
T_149.jpg,T
J_5.jpg,J
0_3.jpg,0
I_18.jpg,I
T_143.jpg,T
S_187.jpg,S
A_36.jpg,A
4_131.jpg,4
E_83.jpg,E
M_68.jpg,M
1_114.jpg,1
4_7.jpg,4
W_3.jpg,W
A_56.jpg,A
H_236.JPG,H
B_146.jpg,B
G_117.jpg,G
L_132.JPG,L
K_84.jpg,K
I_14.jpg,I
7_99.jpg,7
2_136.jpg,2
5_21.jpg,5
B_56.jpg,B
P_158.JPG,P
0_117.JPG,0
H_150.JPG,H
7_123.jpg,7
0_9.jpg,0
S_170.jpg,S
J_51.jpg,J
B_8.jpg,B
S_108.jpg,S
B_153.jpg,B
I_87.jpg,I
P_22.jpg,P
M_85.jpg,M
5_238.jpg,5
J_94.jpg,J
M_105.JPG,M
E_137.jpg,E
C_186.jpg,C
7_11.jpg,7
L_4.jpg,L
0_65.jpg,0
H_105.JPG,H
Y_42.jpg,Y
I_54.jpg,I
M_219.JPG,M
K_1.jpg,K
1_177.JPG,1
O_24.jpg,O
Z_41.jpg,Z
S_104.jpg,S
8_158.JPG,8
C_66.jpg,C
A_19.jpg,A
T_8.jpg,T
J_82.jpg,J
I_63.jpg,I
X_27.jpg,X
Y_21.jpg,Y
C_153.jpg,C
0_193.JPG,0
G_203.jpg,G
S_164.jpg,S
J_124.jpg,J
0_178.JPG,0
E_49.jpg,E
W_39.jpg,W
G_232.jpg,G
3_81.jpg,3
S_96.jpg,S
C_176.jpg,C
3_239.JPG,3
F_159.jpg,F
F_105.jpg,F
J_103.jpg,J
N_27.jpg,N
4_83.jpg,4
K_129.jpg,K
G_26.jpg,G
B_12.jpg,B
1_11.jpg,1
I_223.JPG,I
N_0.jpg,N
I_152.JPG,I
Z_206.JPG,Z
7_19.jpg,7
4_51.jpg,4
N_65.jpg,N
V_129.jpg,V
S_24.jpg,S
7_0.jpg,7
L_172.JPG,L
F_133.jpg,F
N_169.JPG,N
J_106.jpg,J
S_49.jpg,S
E_7.jpg,E
N_140.JPG,N
H_103.JPG,H
L_157.JPG,L
M_144.JPG,M
I_1.jpg,I
J_156.jpg,J
G_196.jpg,G
5_162.jpg,5
9_39.jpg,9
9_143.jpg,9
V_97.jpg,V
Q_136.jpg,Q
K_21.jpg,K
U_195.jpg,U
B_94.jpg,B
P_77.jpg,P
J_75.jpg,J
N_214.JPG,N
2_89.jpg,2
P_126.jpg,P
8_52.jpg,8
M_90.jpg,M
R_118.jpg,R
E_212.jpg,E
5_119.jpg,5
S_141.jpg,S
C_61.jpg,C
W_42.jpg,W
Q_88.jpg,Q
3_68.jpg,3
0_137.JPG,0
R_90.jpg,R
S_70.jpg,S
9_18.jpg,9
K_177.jpg,K
C_22.jpg,C
T_147.jpg,T
I_65.jpg,I
L_190.JPG,L
P_141.JPG,P
W_96.jpg,W
P_24.jpg,P
8_112.JPG,8
H_195.JPG,H
Z_136.jpg,Z
Y_137.jpg,Y
H_162.JPG,H
1_195.JPG,1
N_114.JPG,N
B_41.jpg,B
9_121.jpg,9
Z_202.JPG,Z
I_167.JPG,I
X_166.JPG,X
K_179.jpg,K
H_24.JPG,H
L_173.JPG,L
E_108.jpg,E
4_196.jpg,4
W_137.jpg,W
R_82.jpg,R
D_45.jpg,D
Q_104.jpg,Q
C_43.jpg,C
M_33.jpg,M
Q_96.jpg,Q
C_35.jpg,C
I_42.jpg,I
V_155.jpg,V
2_72.jpg,2
E_113.jpg,E
6_2.jpg,6
R_27.jpg,R
N_134.JPG,N
5_179.jpg,5
M_129.JPG,M
S_120.jpg,S
W_130.jpg,W
N_150.JPG,N
V_55.jpg,V
Q_50.jpg,Q
L_143.JPG,L
Q_139.jpg,Q
O_99.JPG,O
Q_92.jpg,Q
N_151.JPG,N
M_121.JPG,M
Q_145.jpg,Q
L_64.jpg,L
W_85.jpg,W
G_17.jpg,G
P_112.jpg,P
P_92.jpg,P
5_70.jpg,5
W_43.jpg,W
9_55.jpg,9
I_9.jpg,I
0_160.JPG,0
G_35.jpg,G
P_63.jpg,P
M_70.jpg,M
G_186.jpg,G
M_21.jpg,M
E_96.jpg,E
K_3.jpg,K
I_115.jpg,I
C_162.jpg,C
T_176.jpg,T
N_22.jpg,N
I_16.jpg,I
U_26.jpg,U
Z_173.JPG,Z
P_60.jpg,P
7_165.jpg,7
E_135.jpg,E
T_81.jpg,T
D_175.jpg,D
E_31.jpg,E
2_7.jpg,2
S_283.jpg,S
1_193.JPG,1
M_49.jpg,M
P_168.JPG,P
Y_117.jpg,Y
F_118.jpg,F
7_107.jpg,7
B_13.jpg,B
A_8.jpg,A
R_120.jpg,R
M_131.JPG,M
F_81.jpg,F
I_150.JPG,I
O_34.jpg,O
H_53.JPG,H
8_129.JPG,8
H_221.JPG,H
4_145.jpg,4
3_203.JPG,3
I_51.jpg,I
6_88.jpg,6
N_58.jpg,N
W_7.jpg,W
O_179.JPG,O
X_37.jpg,X
E_173.jpg,E
H_80.JPG,H
0_10.jpg,0
V_119.jpg,V
L_93.JPG,L
E_177.jpg,E
O_132.JPG,O
4_92.jpg,4
3_254.JPG,3
2_139.jpg,2
4_81.jpg,4
E_21.jpg,E
F_20.jpg,F
U_165.jpg,U
H_187.JPG,H
6_13.jpg,6
F_25.jpg,F
D_121.jpg,D
E_211.jpg,E
5_30.jpg,5
E_208.jpg,E
X_36.jpg,X
6_96.jpg,6
5_193.jpg,5
W_105.jpg,W
C_140.jpg,C
K_16.jpg,K
3_209.JPG,3
I_119.jpg,I
H_138.JPG,H
3_87.jpg,3
U_42.jpg,U
9_116.jpg,9
K_107.jpg,K
L_48.jpg,L
4_94.jpg,4
5_74.jpg,5
I_161.JPG,I
4_18.jpg,4
Y_27.jpg,Y
5_240.jpg,5
M_124.JPG,M
Q_60.jpg,Q
2_13.jpg,2
N_185.JPG,N
D_159.jpg,D
T_29.jpg,T
6_54.jpg,6
G_88.jpg,G
L_88.JPG,L
C_71.jpg,C
N_25.jpg,N
6_48.jpg,6
F_126.jpg,F
J_91.jpg,J
M_211.JPG,M
U_247.jpg,U
N_210.JPG,N
K_153.jpg,K
U_101.jpg,U
R_115.jpg,R
7_187.jpg,7
W_101.jpg,W
8_36.jpg,8
X_95.jpg,X
X_61.jpg,X
P_102.jpg,P
N_209.JPG,N
B_3.jpg,B
6_139.jpg,6
C_149.jpg,C
O_185.JPG,O
P_54.jpg,P
E_222.jpg,E
O_126.JPG,O
4_38.jpg,4
0_77.jpg,0
V_96.jpg,V
4_169.jpg,4
7_79.jpg,7
R_124.jpg,R
1_157.JPG,1
E_213.jpg,E
M_241.JPG,M
T_22.jpg,T
H_242.JPG,H
G_41.jpg,G
N_177.JPG,N
3_193.JPG,3
Q_42.jpg,Q
U_31.jpg,U
B_84.jpg,B
G_52.jpg,G
8_133.JPG,8
2_158.jpg,2
T_123.jpg,T
Z_14.jpg,Z
V_62.jpg,V
L_6.jpg,L
C_105.jpg,C
H_136.JPG,H
K_39.jpg,K
Z_84.jpg,Z
U_138.jpg,U
M_223.JPG,M
C_191.jpg,C
1_171.JPG,1
R_12.jpg,R
X_50.jpg,X
Z_194.JPG,Z
0_93.jpg,0
F_98.jpg,F
6_131.jpg,6
D_3.jpg,D
U_66.jpg,U
P_146.JPG,P
S_249.jpg,S
J_93.jpg,J
N_96.jpg,N
E_115.jpg,E
I_138.JPG,I
Q_6.jpg,Q
H_140.JPG,H
V_131.jpg,V
C_0.jpg,C
M_5.jpg,M
Y_125.jpg,Y
R_130.jpg,R
9_58.jpg,9
M_26.jpg,M
7_62.jpg,7
U_94.jpg,U
9_127.jpg,9
D_77.jpg,D
T_72.jpg,T
T_97.jpg,T
3_224.JPG,3
6_24.jpg,6
3_66.jpg,3
V_94.jpg,V
S_134.jpg,S
B_53.jpg,B
L_19.jpg,L
6_65.jpg,6
2_76.jpg,2
O_142.JPG,O
U_45.jpg,U
9_118.jpg,9
V_118.jpg,V
3_202.JPG,3
C_25.jpg,C
F_40.jpg,F
B_82.jpg,B
X_84.jpg,X
U_2.jpg,U
N_171.JPG,N
O_106.JPG,O
2_87.jpg,2
A_88.jpg,A
B_31.jpg,B
Y_135.jpg,Y
L_65.jpg,L
P_91.jpg,P
2_112.jpg,2
G_188.jpg,G
8_127.JPG,8
I_175.JPG,I
P_188.JPG,P
Z_93.jpg,Z
U_194.jpg,U
4_59.jpg,4
U_76.jpg,U
S_47.jpg,S
5_122.jpg,5
V_171.jpg,V
V_3.jpg,V
R_34.jpg,R
B_70.jpg,B
R_44.jpg,R
Y_8.jpg,Y
1_47.jpg,1
Z_119.jpg,Z
W_48.jpg,W
3_247.JPG,3
U_166.jpg,U
I_144.JPG,I
5_4.jpg,5
I_28.jpg,I
X_205.JPG,X
8_148.JPG,8
F_77.jpg,F
8_48.jpg,8
G_84.jpg,G
U_250.jpg,U
M_203.JPG,M
A_139.jpg,A
2_9.jpg,2
3_214.JPG,3
I_172.JPG,I
B_5.jpg,B
7_129.jpg,7
U_146.jpg,U
7_34.jpg,7
G_92.jpg,G
9_193.jpg,9
U_127.jpg,U
S_116.jpg,S
A_111.jpg,A
L_186.JPG,L
9_161.jpg,9
Z_13.jpg,Z
S_196.jpg,S
N_86.jpg,N
O_82.JPG,O
7_86.jpg,7
S_253.jpg,S
E_138.jpg,E
C_106.jpg,C
I_143.JPG,I
0_150.JPG,0
N_102.jpg,N
Z_109.jpg,Z
0_21.jpg,0
T_28.jpg,T
9_140.jpg,9
Y_39.jpg,Y
B_59.jpg,B
0_48.jpg,0
8_25.jpg,8
L_3.jpg,L
H_176.JPG,H
C_16.jpg,C
P_85.jpg,P
C_158.jpg,C
I_155.JPG,I
J_36.jpg,J
6_128.jpg,6
N_262.JPG,N
Y_26.jpg,Y
C_41.jpg,C
N_55.jpg,N
C_163.jpg,C
9_129.jpg,9
9_5.jpg,9
L_123.JPG,L
S_202.jpg,S
Q_134.jpg,Q
J_169.jpg,J
D_76.jpg,D
N_260.JPG,N
S_13.jpg,S
9_185.jpg,9
P_156.JPG,P
B_132.jpg,B
G_141.jpg,G
J_166.jpg,J
U_116.jpg,U
O_12.jpg,O
P_173.JPG,P
Y_105.jpg,Y
L_79.JPG,L
M_17.jpg,M
H_230.JPG,H
1_76.jpg,1
8_29.jpg,8
G_66.jpg,G
Y_37.jpg,Y
F_103.jpg,F
I_4.jpg,I
N_161.JPG,N
K_64.jpg,K
O_109.JPG,O
4_33.jpg,4
H_134.JPG,H
G_110.jpg,G
F_115.jpg,F
B_121.jpg,B
6_151.jpg,6
G_195.jpg,G
7_37.jpg,7
N_193.JPG,N
T_16.jpg,T
9_183.jpg,9
L_49.jpg,L
4_121.jpg,4
M_46.jpg,M
Q_45.jpg,Q
I_6.jpg,I
C_169.jpg,C
Y_136.jpg,Y
S_91.jpg,S
8_66.jpg,8
Y_69.jpg,Y
T_128.jpg,T
E_44.jpg,E
Z_208.JPG,Z
3_116.jpg,3
Q_66.jpg,Q
L_135.JPG,L
F_8.jpg,F
O_199.JPG,O
B_58.jpg,B
K_38.jpg,K
W_94.jpg,W
6_62.jpg,6
9_198.jpg,9
M_238.JPG,M
E_202.jpg,E
Q_85.jpg,Q
Z_97.jpg,Z
D_20.jpg,D
K_45.jpg,K
N_145.JPG,N
M_75.jpg,M
W_146.jpg,W
N_259.JPG,N
I_220.JPG,I
I_191.JPG,I
G_6.jpg,G
2_147.jpg,2
L_124.JPG,L
G_18.jpg,G
Q_149.jpg,Q
Y_153.jpg,Y
1_8.jpg,1
5_154.jpg,5
1_108.jpg,1
5_234.jpg,5
G_119.jpg,G
I_247.JPG,I
W_89.jpg,W
L_36.jpg,L
R_70.jpg,R
N_132.JPG,N
3_121.jpg,3
U_86.jpg,U
O_5.jpg,O
2_57.jpg,2
X_186.JPG,X
J_20.jpg,J
N_250.JPG,N
N_137.JPG,N
J_84.jpg,J
H_17.JPG,H
1_89.jpg,1
G_30.jpg,G
D_31.jpg,D
W_115.jpg,W
E_175.jpg,E
Z_80.jpg,Z
7_66.jpg,7
S_10.jpg,S
Z_135.jpg,Z
7_58.jpg,7
A_18.jpg,A
F_33.jpg,F
9_43.jpg,9
1_43.jpg,1
P_133.JPG,P
F_17.jpg,F
9_212.jpg,9
0_80.jpg,0
S_197.jpg,S
L_26.jpg,L
2_172.jpg,2
4_118.jpg,4
P_71.jpg,P
M_16.jpg,M
4_97.jpg,4
Z_100.jpg,Z
P_99.jpg,P
Z_77.jpg,Z
D_81.jpg,D
9_7.jpg,9
R_145.jpg,R
T_69.jpg,T
B_160.jpg,B
F_87.jpg,F
9_72.jpg,9
I_141.JPG,I
B_20.jpg,B
J_147.jpg,J
K_122.jpg,K
0_15.jpg,0
L_54.jpg,L
V_41.jpg,V
N_64.jpg,N
A_93.jpg,A
H_90.JPG,H
I_179.JPG,I
A_149.jpg,A
G_173.jpg,G
T_95.jpg,T
5_91.jpg,5
I_209.JPG,I
4_96.jpg,4
Y_34.jpg,Y
0_167.JPG,0
M_59.jpg,M
D_154.jpg,D
O_62.JPG,O
2_162.jpg,2
Y_102.jpg,Y
D_133.jpg,D
K_69.jpg,K
3_65.jpg,3
3_25.jpg,3
U_256.jpg,U
S_113.jpg,S
1_110.jpg,1
H_86.JPG,H
L_159.JPG,L
A_116.jpg,A
N_244.JPG,N
Y_15.jpg,Y
5_31.jpg,5
Q_89.jpg,Q
D_75.jpg,D
3_179.JPG,3
K_67.jpg,K
Y_175.jpg,Y
K_33.jpg,K
M_199.JPG,M
1_55.jpg,1
V_110.jpg,V
U_70.jpg,U
1_59.jpg,1
Q_62.jpg,Q
P_89.jpg,P
1_129.jpg,1
N_123.JPG,N
S_11.jpg,S
S_142.jpg,S
V_60.jpg,V
O_77.JPG,O
C_161.jpg,C
T_167.jpg,T
H_61.JPG,H
6_31.jpg,6
T_117.jpg,T
R_142.jpg,R
1_31.jpg,1
Q_113.jpg,Q
N_233.JPG,N
4_190.jpg,4
S_139.jpg,S
9_87.jpg,9
N_254.JPG,N
3_227.JPG,3
1_14.jpg,1
4_142.jpg,4
6_104.jpg,6
Z_45.jpg,Z
N_103.jpg,N
Q_100.jpg,Q
O_108.JPG,O
I_17.jpg,I
8_75.jpg,8
H_96.JPG,H
I_50.jpg,I
I_147.JPG,I
I_99.jpg,I
Z_62.jpg,Z
S_245.jpg,S
P_116.jpg,P
Z_53.jpg,Z
2_152.jpg,2
Q_150.jpg,Q
A_142.jpg,A
S_94.jpg,S
T_119.jpg,T
H_169.JPG,H
Q_102.jpg,Q
U_204.jpg,U
N_122.JPG,N
P_51.jpg,P
7_163.jpg,7
V_108.jpg,V
3_55.jpg,3
P_123.jpg,P
9_123.jpg,9
6_127.jpg,6
2_166.jpg,2
6_72.jpg,6
W_57.jpg,W
N_56.jpg,N
Z_88.jpg,Z
4_43.jpg,4
H_23.JPG,H
6_45.jpg,6
J_18.jpg,J
H_115.JPG,H
U_98.jpg,U
O_131.JPG,O
W_145.jpg,W
J_90.jpg,J
S_266.jpg,S
C_72.jpg,C
Q_133.jpg,Q
W_5.jpg,W
9_166.jpg,9
A_104.jpg,A
J_55.jpg,J
A_59.jpg,A
Z_16.jpg,Z
3_44.jpg,3
H_170.JPG,H
1_151.JPG,1
7_152.jpg,7
G_205.jpg,G
7_44.jpg,7
D_32.jpg,D
S_30.jpg,S
C_84.jpg,C
A_134.jpg,A
K_109.jpg,K
I_117.jpg,I
7_110.jpg,7
1_94.jpg,1
5_163.jpg,5
5_217.jpg,5
R_30.jpg,R
H_240.JPG,H
5_160.jpg,5
F_140.jpg,F
2_116.jpg,2
G_71.jpg,G
Q_44.jpg,Q
L_165.JPG,L
R_65.jpg,R
D_106.jpg,D
3_252.JPG,3
3_70.jpg,3
S_34.jpg,S
X_69.jpg,X
X_32.jpg,X
2_108.jpg,2
L_168.JPG,L
5_85.jpg,5
S_97.jpg,S
O_107.JPG,O
W_154.jpg,W
R_95.jpg,R
4_109.jpg,4
Q_13.jpg,Q
H_223.JPG,H
0_2.jpg,0
0_191.JPG,0
K_141.jpg,K
Y_124.jpg,Y
T_36.jpg,T
Y_115.jpg,Y
0_124.JPG,0
M_164.JPG,M
S_82.jpg,S
I_132.JPG,I
F_65.jpg,F
U_52.jpg,U
E_136.jpg,E
2_113.jpg,2
E_150.jpg,E
E_160.jpg,E
U_263.jpg,U
6_171.jpg,6
Q_30.jpg,Q
9_46.jpg,9
U_246.jpg,U
Q_107.jpg,Q
W_0.jpg,W
X_94.jpg,X
X_156.JPG,X
8_101.JPG,8
H_141.JPG,H
J_121.jpg,J
J_88.jpg,J
5_107.jpg,5
N_48.jpg,N
W_93.jpg,W
9_92.jpg,9
4_31.jpg,4
R_14.jpg,R
S_3.jpg,S
Q_47.jpg,Q
Q_153.jpg,Q
6_85.jpg,6
V_112.jpg,V
K_142.jpg,K
2_129.jpg,2
G_21.jpg,G
U_145.jpg,U
W_131.jpg,W
P_110.jpg,P
O_48.JPG,O
Z_99.jpg,Z
M_148.JPG,M
U_235.jpg,U
U_134.jpg,U
S_182.jpg,S
R_103.jpg,R
G_146.jpg,G
1_99.jpg,1
X_33.jpg,X
Q_81.jpg,Q
G_136.jpg,G
W_65.jpg,W
G_16.jpg,G
6_22.jpg,6
2_22.jpg,2
L_106.JPG,L
S_269.jpg,S
J_165.jpg,J
O_184.JPG,O
7_113.jpg,7
U_192.jpg,U
P_111.jpg,P
L_25.jpg,L
Y_1.jpg,Y
1_175.JPG,1
Z_217.JPG,Z
7_54.jpg,7
F_85.jpg,F
V_12.jpg,V
U_237.jpg,U
S_263.jpg,S
P_151.JPG,P
9_4.jpg,9
V_43.jpg,V
E_81.jpg,E
1_143.JPG,1
7_9.jpg,7
R_94.jpg,R
U_205.jpg,U
N_143.JPG,N
7_52.jpg,7
U_212.jpg,U
8_121.JPG,8
R_33.jpg,R
M_202.JPG,M
6_136.jpg,6
2_63.jpg,2
B_80.jpg,B
H_62.JPG,H
0_169.JPG,0
4_68.jpg,4
H_191.JPG,H
B_14.jpg,B
V_80.jpg,V
T_11.jpg,T
5_34.jpg,5
U_244.jpg,U
5_157.jpg,5
Z_11.jpg,Z
6_12.jpg,6
8_138.JPG,8
0_104.JPG,0
M_53.jpg,M
3_236.JPG,3
5_226.jpg,5
8_99.JPG,8
V_99.jpg,V
U_55.jpg,U
Q_123.jpg,Q
M_76.jpg,M
G_151.jpg,G
V_141.jpg,V
D_62.jpg,D
H_111.JPG,H
H_146.JPG,H
S_122.jpg,S
X_106.jpg,X
S_243.jpg,S
V_7.jpg,V
E_38.jpg,E
N_200.JPG,N
3_194.JPG,3
2_130.jpg,2
U_68.jpg,U
5_113.jpg,5
B_79.jpg,B
H_181.JPG,H
E_79.jpg,E
S_129.jpg,S
F_13.jpg,F
3_149.jpg,3
3_198.JPG,3
9_125.jpg,9
1_160.JPG,1
4_168.jpg,4
Z_195.JPG,Z
G_227.jpg,G
A_1.jpg,A
C_151.jpg,C
X_177.JPG,X
3_255.JPG,3
3_79.jpg,3
H_157.JPG,H
I_237.JPG,I
W_100.jpg,W
U_152.jpg,U
9_202.jpg,9
Z_151.JPG,Z
Z_51.jpg,Z
T_104.jpg,T
R_160.jpg,R
Q_109.jpg,Q
5_202.jpg,5
8_41.jpg,8
Y_68.jpg,Y
H_45.JPG,H
H_69.JPG,H
D_131.jpg,D
3_260.JPG,3
L_39.jpg,L
I_146.JPG,I
S_69.jpg,S
J_142.jpg,J
A_141.jpg,A
S_271.jpg,S
N_160.JPG,N
U_159.jpg,U
9_73.jpg,9
N_105.jpg,N
W_77.jpg,W
2_169.jpg,2
U_242.jpg,U
4_193.jpg,4
R_25.jpg,R
Y_151.jpg,Y
1_4.jpg,1
Q_33.jpg,Q
G_115.jpg,G
H_217.JPG,H
M_55.jpg,M
4_63.jpg,4
H_166.JPG,H
F_69.jpg,F
1_68.jpg,1
3_262.JPG,3
7_168.jpg,7
Q_148.jpg,Q
0_91.jpg,0
S_19.jpg,S
P_148.JPG,P
G_74.jpg,G
9_80.jpg,9
A_57.jpg,A
8_111.JPG,8
9_171.jpg,9
B_150.jpg,B
O_72.JPG,O
J_116.jpg,J
5_127.jpg,5
F_114.jpg,F
4_72.jpg,4
2_118.jpg,2
3_250.JPG,3
E_63.jpg,E
5_124.jpg,5
1_88.jpg,1
H_212.JPG,H
T_1.jpg,T
8_144.JPG,8
R_73.jpg,R
Y_28.jpg,Y
P_74.jpg,P
C_189.jpg,C
4_164.jpg,4
C_135.jpg,C
Q_19.jpg,Q
Y_47.jpg,Y
A_155.jpg,A
X_133.jpg,X
0_99.JPG,0
D_140.jpg,D
N_74.jpg,N
E_58.jpg,E
F_19.jpg,F
3_4.jpg,3
B_22.jpg,B
T_74.jpg,T
A_39.jpg,A
E_170.jpg,E
W_29.jpg,W
0_38.jpg,0
2_134.jpg,2
7_134.jpg,7
5_121.jpg,5
M_189.JPG,M
I_88.jpg,I
N_82.jpg,N
N_173.JPG,N
X_110.jpg,X
L_162.JPG,L
4_137.jpg,4
Z_152.JPG,Z
7_32.jpg,7
L_149.JPG,L
2_48.jpg,2
F_163.jpg,F
U_62.jpg,U
J_57.jpg,J
7_130.jpg,7
9_159.jpg,9
2_170.jpg,2
F_86.jpg,F
G_43.jpg,G
T_3.jpg,T
S_199.jpg,S
K_79.jpg,K
6_8.jpg,6
2_151.jpg,2
Q_39.jpg,Q
K_108.jpg,K
O_154.JPG,O
O_171.JPG,O
M_178.JPG,M
R_156.jpg,R
T_146.jpg,T
R_100.jpg,R
5_204.jpg,5
5_237.jpg,5
R_23.jpg,R
G_166.jpg,G
T_10.jpg,T
5_181.jpg,5
T_73.jpg,T
7_156.jpg,7
N_187.JPG,N
A_92.jpg,A
8_85.jpg,8
D_144.jpg,D
I_49.jpg,I
5_94.jpg,5
A_76.jpg,A
U_219.jpg,U
G_131.jpg,G
8_58.jpg,8
I_174.JPG,I
3_9.jpg,3
V_44.jpg,V
H_255.JPG,H
9_45.jpg,9
2_86.jpg,2
U_58.jpg,U
D_55.jpg,D
5_86.jpg,5
6_16.jpg,6
L_30.jpg,L
F_167.jpg,F
E_154.jpg,E
D_49.jpg,D
U_180.jpg,U
6_117.jpg,6
5_46.jpg,5
9_50.jpg,9
1_44.jpg,1
C_183.jpg,C
Y_77.jpg,Y
B_119.jpg,B
X_124.jpg,X
1_128.jpg,1
1_166.JPG,1
0_189.JPG,0
K_118.jpg,K
G_113.jpg,G
D_48.jpg,D
C_3.jpg,C
0_145.JPG,0
U_22.jpg,U
G_123.jpg,G
R_147.jpg,R
E_101.jpg,E
9_51.jpg,9
8_123.JPG,8
C_100.jpg,C
U_248.jpg,U
Z_104.jpg,Z
7_63.jpg,7
Z_21.jpg,Z
9_134.jpg,9
7_7.jpg,7
X_149.JPG,X
K_52.jpg,K
2_96.jpg,2
7_192.jpg,7
I_134.JPG,I
R_111.jpg,R
2_138.jpg,2
V_24.jpg,V
U_139.jpg,U
5_15.jpg,5
K_124.jpg,K
1_148.JPG,1
H_38.JPG,H
N_176.JPG,N
7_4.jpg,7
8_140.JPG,8
P_61.jpg,P
I_207.JPG,I
W_138.jpg,W
E_214.jpg,E
O_135.JPG,O
H_1.JPG,H
8_109.JPG,8
B_145.jpg,B
H_200.JPG,H
Q_31.jpg,Q
3_16.jpg,3
5_146.jpg,5
V_4.jpg,V
O_90.JPG,O
7_157.jpg,7
F_116.jpg,F
2_173.jpg,2
N_242.JPG,N
V_63.jpg,V
P_177.JPG,P
J_61.jpg,J
8_53.jpg,8
N_153.JPG,N
B_10.jpg,B
J_34.jpg,J
N_115.JPG,N
Y_58.jpg,Y
Z_24.jpg,Z
B_144.jpg,B
W_118.jpg,W
W_12.jpg,W
6_3.jpg,6
O_56.JPG,O
J_27.jpg,J
9_181.jpg,9
7_127.jpg,7
W_24.jpg,W
X_194.JPG,X
C_48.jpg,C
C_160.jpg,C
Y_155.jpg,Y
M_72.jpg,M
Q_111.jpg,Q
2_28.jpg,2
Z_23.jpg,Z
5_208.jpg,5
D_52.jpg,D
9_211.jpg,9
W_15.jpg,W
B_148.jpg,B
S_12.jpg,S
5_51.jpg,5
3_17.jpg,3
Q_82.jpg,Q
B_93.jpg,B
Z_92.jpg,Z
5_54.jpg,5
5_227.jpg,5
D_87.jpg,D
P_152.JPG,P
P_48.jpg,P
V_166.jpg,V
D_143.jpg,D
4_40.jpg,4
0_8.jpg,0
7_106.jpg,7
U_36.jpg,U
K_85.jpg,K
L_156.JPG,L
8_18.jpg,8
9_48.jpg,9
H_60.JPG,H
Z_146.jpg,Z
0_35.jpg,0
Z_124.jpg,Z
2_31.jpg,2
5_188.jpg,5
L_67.jpg,L
F_55.jpg,F
8_160.JPG,8
G_63.jpg,G
T_80.jpg,T
R_53.jpg,R
9_100.jpg,9
5_207.jpg,5
Z_31.jpg,Z
U_170.jpg,U
8_30.jpg,8
M_117.JPG,M
E_99.jpg,E
G_96.jpg,G
B_48.jpg,B
5_6.jpg,5
8_116.JPG,8
E_140.jpg,E
Z_188.JPG,Z
Q_141.jpg,Q
6_11.jpg,6
N_66.jpg,N
E_42.jpg,E
P_109.jpg,P
0_139.JPG,0
V_20.jpg,V
I_201.JPG,I
0_62.jpg,0
V_98.jpg,V
M_118.JPG,M
S_151.jpg,S
4_99.jpg,4
I_231.JPG,I
Z_133.jpg,Z
Y_176.jpg,Y
F_108.jpg,F
R_67.jpg,R
S_71.jpg,S
9_160.jpg,9
Z_148.jpg,Z
N_9.jpg,N
Z_176.JPG,Z
I_168.JPG,I
3_204.JPG,3
6_122.jpg,6
R_78.jpg,R
N_59.jpg,N
W_135.jpg,W
G_86.jpg,G
H_143.JPG,H
J_32.jpg,J
V_121.jpg,V
4_66.jpg,4
6_58.jpg,6
T_57.jpg,T
Z_129.jpg,Z
W_31.jpg,W
5_141.jpg,5
K_65.jpg,K
C_78.jpg,C
Y_25.jpg,Y
9_133.jpg,9
A_58.jpg,A
E_116.jpg,E
9_37.jpg,9
M_114.JPG,M
C_13.jpg,C
J_65.jpg,J
D_85.jpg,D
3_92.jpg,3
5_71.jpg,5
4_6.jpg,4
N_45.jpg,N
Q_112.jpg,Q
U_118.jpg,U
Y_18.jpg,Y
D_38.jpg,D
I_104.jpg,I
E_110.jpg,E
1_155.JPG,1
8_13.jpg,8
W_111.jpg,W
U_102.jpg,U
A_124.jpg,A
5_209.jpg,5
Q_146.jpg,Q
R_92.jpg,R
Q_129.jpg,Q
S_248.jpg,S
Z_179.JPG,Z
Y_111.jpg,Y
K_152.jpg,K
D_115.jpg,D
F_53.jpg,F
G_185.jpg,G
G_2.jpg,G
K_110.jpg,K
9_93.jpg,9
U_17.jpg,U
S_237.jpg,S
A_77.jpg,A
T_78.jpg,T
3_163.JPG,3
C_6.jpg,C
7_89.jpg,7
Y_9.jpg,Y
C_126.jpg,C
W_155.jpg,W
9_1.jpg,9
5_58.jpg,5
L_86.JPG,L
L_28.jpg,L
7_2.jpg,7
S_138.jpg,S
Z_33.jpg,Z
F_66.jpg,F
S_119.jpg,S
Y_4.jpg,Y
N_180.JPG,N
F_32.jpg,F
T_30.jpg,T
M_4.jpg,M
1_127.jpg,1
J_122.jpg,J
1_154.JPG,1
A_47.jpg,A
P_193.JPG,P
I_112.jpg,I
U_161.jpg,U
A_66.jpg,A
K_114.jpg,K
F_75.jpg,F
C_65.jpg,C
O_161.JPG,O
6_76.jpg,6
5_171.jpg,5
O_150.JPG,O
G_91.jpg,G
9_167.jpg,9
S_152.jpg,S
G_169.jpg,G
H_139.JPG,H
1_65.jpg,1
F_29.jpg,F
W_156.jpg,W
9_190.jpg,9
L_137.JPG,L
4_158.jpg,4
1_3.jpg,1
7_155.jpg,7
1_123.jpg,1
B_62.jpg,B
V_79.jpg,V
U_198.jpg,U
T_39.jpg,T
0_52.jpg,0
6_0.jpg,6
T_145.jpg,T
V_35.jpg,V
6_123.jpg,6
U_158.jpg,U
W_133.jpg,W
M_9.jpg,M
Q_4.jpg,Q
5_22.jpg,5
D_146.jpg,D
3_1.jpg,3
K_5.jpg,K
T_100.jpg,T
5_20.jpg,5
7_70.jpg,7
J_117.jpg,J
B_107.jpg,B
8_42.jpg,8
V_59.jpg,V
S_270.jpg,S
G_207.jpg,G
U_59.jpg,U
6_74.jpg,6
0_87.jpg,0
5_93.jpg,5
4_126.jpg,4
X_31.jpg,X
8_113.JPG,8
T_126.jpg,T
2_99.jpg,2
3_170.JPG,3
F_119.jpg,F
L_176.JPG,L
M_187.JPG,M
K_20.jpg,K
K_170.jpg,K
N_23.jpg,N
3_146.jpg,3
5_151.jpg,5
1_92.jpg,1
W_71.jpg,W
E_182.jpg,E
B_156.jpg,B
N_218.JPG,N
S_185.jpg,S
0_12.jpg,0
I_64.jpg,I
4_10.jpg,4
3_104.jpg,3
E_30.jpg,E
J_62.jpg,J
T_101.jpg,T
Y_94.jpg,Y
W_50.jpg,W
Z_15.jpg,Z
I_234.JPG,I
Z_209.JPG,Z
7_146.jpg,7
5_177.jpg,5
E_84.jpg,E
A_147.jpg,A
5_52.jpg,5
L_60.jpg,L
6_42.jpg,6
Y_132.jpg,Y
N_92.jpg,N
W_10.jpg,W
N_204.JPG,N
3_137.jpg,3
V_146.jpg,V
U_69.jpg,U
I_187.JPG,I
R_58.jpg,R
C_108.jpg,C
L_109.JPG,L
R_123.jpg,R
S_140.jpg,S
C_115.jpg,C
Z_106.jpg,Z
C_4.jpg,C
F_49.jpg,F
0_61.jpg,0
A_90.jpg,A
P_4.jpg,P
P_167.JPG,P
Z_114.jpg,Z
6_132.jpg,6
H_183.JPG,H
7_119.jpg,7
U_1.jpg,U
1_113.jpg,1
B_123.jpg,B
N_248.JPG,N
I_244.JPG,I
H_258.JPG,H
H_25.JPG,H
A_34.jpg,A
D_100.jpg,D
I_173.JPG,I
U_50.jpg,U
X_8.jpg,X
X_158.JPG,X
X_74.jpg,X
Y_17.jpg,Y
7_191.jpg,7
P_27.jpg,P
I_159.JPG,I
D_157.jpg,D
X_132.jpg,X
D_43.jpg,D
S_213.jpg,S
6_156.jpg,6
2_56.jpg,2
4_62.jpg,4
S_175.jpg,S
8_60.jpg,8
U_3.jpg,U
K_2.jpg,K
4_26.jpg,4
D_148.jpg,D
5_183.jpg,5
9_156.jpg,9
I_79.jpg,I
P_124.jpg,P
A_133.jpg,A
4_198.jpg,4
E_186.jpg,E
Y_23.jpg,Y
2_12.jpg,2
P_100.jpg,P
P_169.JPG,P
U_57.jpg,U
Q_106.jpg,Q
2_0.jpg,2
X_14.jpg,X
W_66.jpg,W
I_60.jpg,I
6_71.jpg,6
Z_66.jpg,Z
L_56.jpg,L
J_110.jpg,J
H_184.JPG,H
3_90.jpg,3
3_235.JPG,3
5_140.jpg,5
Q_110.jpg,Q
S_8.jpg,S
D_113.jpg,D
E_29.jpg,E
O_49.JPG,O
R_28.jpg,R
1_41.jpg,1
J_134.jpg,J
K_161.jpg,K
V_114.jpg,V
D_172.jpg,D
G_28.jpg,G
Z_130.jpg,Z
T_166.jpg,T
7_175.jpg,7
F_117.jpg,F
J_132.jpg,J
F_125.jpg,F
G_25.jpg,G
K_62.jpg,K
Q_117.jpg,Q
1_27.jpg,1
3_154.jpg,3
N_228.JPG,N
0_153.JPG,0
V_66.jpg,V
0_121.JPG,0
S_273.jpg,S
5_232.jpg,5
7_18.jpg,7
N_231.JPG,N
A_109.jpg,A
M_3.jpg,M
I_227.JPG,I
O_94.JPG,O
S_4.jpg,S
P_170.JPG,P
O_127.JPG,O
U_143.jpg,U
K_70.jpg,K
J_54.jpg,J
X_58.jpg,X
D_136.jpg,D
I_182.JPG,I
3_182.JPG,3
8_6.jpg,8
J_4.jpg,J
M_183.JPG,M
J_43.jpg,J
0_114.JPG,0
D_170.jpg,D
J_70.jpg,J
R_146.jpg,R
K_102.jpg,K
S_81.jpg,S
G_77.jpg,G
7_183.jpg,7
F_78.jpg,F
M_174.JPG,M
S_55.jpg,S
Q_18.jpg,Q
F_28.jpg,F
F_23.jpg,F
L_101.JPG,L
Z_34.jpg,Z
8_100.JPG,8
Q_76.jpg,Q
7_179.jpg,7
N_12.jpg,N
N_172.JPG,N
S_230.jpg,S
O_151.JPG,O
I_130.JPG,I
A_129.jpg,A
D_169.jpg,D
J_42.jpg,J
6_142.jpg,6
F_64.jpg,F
D_150.jpg,D
I_194.JPG,I
2_115.jpg,2
0_163.JPG,0
M_71.jpg,M
Y_70.jpg,Y
H_35.JPG,H
Q_15.jpg,Q
K_132.jpg,K
R_37.jpg,R
Q_125.jpg,Q
S_72.jpg,S
D_13.jpg,D
U_176.jpg,U
I_126.JPG,I
G_101.jpg,G
B_0.jpg,B
B_139.jpg,B
7_40.jpg,7
W_123.jpg,W
N_91.jpg,N
L_29.jpg,L
L_23.jpg,L
C_1.jpg,C
D_176.jpg,D
8_15.jpg,8
9_208.jpg,9
S_78.jpg,S
V_2.jpg,V
M_25.jpg,M
S_26.jpg,S
R_158.jpg,R
J_133.jpg,J
H_108.JPG,H
A_69.jpg,A
P_6.jpg,P
E_61.jpg,E
R_93.jpg,R
G_213.jpg,G
1_138.JPG,1
U_215.jpg,U
O_27.jpg,O
H_178.JPG,H
4_127.jpg,4
4_146.jpg,4
9_182.jpg,9
Y_113.jpg,Y
1_25.jpg,1
F_50.jpg,F
R_131.jpg,R
G_39.jpg,G
2_6.jpg,2
E_46.jpg,E
L_183.JPG,L
V_123.jpg,V
Z_43.jpg,Z
R_88.jpg,R
H_199.JPG,H
J_72.jpg,J
N_69.jpg,N
C_155.jpg,C
S_179.jpg,S
9_187.jpg,9
C_124.jpg,C
8_82.jpg,8
Z_191.JPG,Z
X_38.jpg,X
S_162.jpg,S
F_7.jpg,F
N_207.JPG,N
E_162.jpg,E
L_27.jpg,L
M_0.jpg,M
8_68.jpg,8
C_68.jpg,C
8_77.jpg,8
4_107.jpg,4
V_164.jpg,V
Y_157.jpg,Y
D_27.jpg,D
8_16.jpg,8
1_104.jpg,1
A_127.jpg,A
4_35.jpg,4
7_117.jpg,7
C_133.jpg,C
V_15.jpg,V
B_142.jpg,B
2_92.jpg,2
2_168.jpg,2
3_185.JPG,3
5_203.jpg,5
0_24.jpg,0
H_227.JPG,H
U_239.jpg,U
2_154.jpg,2
6_35.jpg,6
L_147.JPG,L
X_40.jpg,X
X_19.jpg,X
Y_24.jpg,Y
N_52.jpg,N
2_148.jpg,2
J_148.jpg,J
G_62.jpg,G
B_43.jpg,B
L_61.jpg,L
Q_53.jpg,Q
U_211.jpg,U
P_154.JPG,P
1_90.jpg,1
T_161.jpg,T
2_135.jpg,2
S_172.jpg,S
G_45.jpg,G
S_111.jpg,S
9_20.jpg,9
4_201.jpg,4
H_31.JPG,H
S_48.jpg,S
E_210.jpg,E
0_79.jpg,0
4_184.jpg,4
R_125.jpg,R
R_15.jpg,R
2_88.jpg,2
A_94.jpg,A
6_157.jpg,6
L_117.JPG,L
U_63.jpg,U
W_106.jpg,W
R_63.jpg,R
J_25.jpg,J
B_109.jpg,B
3_58.jpg,3
V_26.jpg,V
S_23.jpg,S
K_6.jpg,K
5_55.jpg,5
Y_6.jpg,Y
E_144.jpg,E
S_217.jpg,S
U_38.jpg,U
J_21.jpg,J
L_68.jpg,L
4_154.jpg,4
C_27.jpg,C
B_29.jpg,B
P_160.JPG,P
I_74.jpg,I
C_20.jpg,C
8_28.jpg,8
9_150.jpg,9
I_29.jpg,I
C_59.jpg,C
3_26.jpg,3
Y_29.jpg,Y
Z_42.jpg,Z
6_59.jpg,6
K_13.jpg,K
M_112.JPG,M
Q_12.jpg,Q
8_91.JPG,8
I_124.jpg,I
A_49.jpg,A
Y_139.jpg,Y
H_67.JPG,H
P_86.jpg,P
A_60.jpg,A
G_208.jpg,G
N_201.JPG,N
P_49.jpg,P
H_28.JPG,H
U_184.jpg,U
9_103.jpg,9
P_12.jpg,P
B_38.jpg,B
4_24.jpg,4
E_193.jpg,E
8_57.jpg,8
2_111.jpg,2
4_161.jpg,4
M_135.JPG,M
V_175.jpg,V
2_153.jpg,2
O_70.JPG,O
N_222.JPG,N
P_162.JPG,P
E_106.jpg,E
3_248.JPG,3
5_150.jpg,5
E_176.jpg,E
5_228.jpg,5
Y_160.jpg,Y
M_58.jpg,M
2_157.jpg,2
H_210.JPG,H
K_163.jpg,K
T_37.jpg,T
T_27.jpg,T
U_203.jpg,U
4_20.jpg,4
9_122.jpg,9
9_75.jpg,9
G_206.jpg,G
4_53.jpg,4
M_63.jpg,M
Y_100.jpg,Y
6_170.jpg,6
Q_5.jpg,Q
U_64.jpg,U
5_222.jpg,5
E_40.jpg,E
I_184.JPG,I
2_160.jpg,2
R_153.jpg,R
4_5.jpg,4
D_153.jpg,D
P_122.jpg,P
P_159.JPG,P
U_255.jpg,U
O_29.jpg,O
F_130.jpg,F
O_86.JPG,O
Y_128.jpg,Y
E_161.jpg,E
8_90.JPG,8
P_73.jpg,P
1_66.jpg,1
F_9.jpg,F
O_181.JPG,O
F_144.jpg,F
U_7.jpg,U
V_84.jpg,V
1_78.jpg,1
4_120.jpg,4
E_18.jpg,E
E_187.jpg,E
Z_200.JPG,Z
S_232.jpg,S
E_141.jpg,E
L_42.jpg,L
O_172.JPG,O
H_148.JPG,H
P_3.jpg,P
7_184.jpg,7
G_132.jpg,G
S_0.jpg,S
B_39.jpg,B
O_169.JPG,O
Q_46.jpg,Q
Z_134.jpg,Z
J_81.jpg,J
C_112.jpg,C
M_175.JPG,M
U_39.jpg,U
P_1.jpg,P
D_25.jpg,D
P_13.jpg,P
P_47.jpg,P
I_139.JPG,I
R_152.jpg,R
3_39.jpg,3
Y_60.jpg,Y
S_98.jpg,S
K_154.jpg,K
A_98.jpg,A
1_176.JPG,1
2_114.jpg,2
T_77.jpg,T
F_48.jpg,F
3_18.jpg,3
A_13.jpg,A
3_244.JPG,3
2_149.jpg,2
V_147.jpg,V
N_267.JPG,N
3_22.jpg,3
A_91.jpg,A
4_65.jpg,4
Y_83.jpg,Y
N_135.JPG,N
S_117.jpg,S
S_67.jpg,S
9_34.jpg,9
E_163.jpg,E
Y_99.jpg,Y
M_80.jpg,M
D_54.jpg,D
U_129.jpg,U
1_107.jpg,1
O_55.JPG,O
Z_56.jpg,Z
I_85.jpg,I
D_155.jpg,D
N_93.jpg,N
D_72.jpg,D
8_24.jpg,8
N_224.JPG,N
E_191.jpg,E
F_21.jpg,F
K_128.jpg,K
X_77.jpg,X
2_71.jpg,2
2_27.jpg,2
O_110.JPG,O
Q_68.jpg,Q
X_26.jpg,X
A_102.jpg,A
8_122.JPG,8
Y_98.jpg,Y
U_157.jpg,U
E_90.jpg,E
I_67.jpg,I
2_142.jpg,2
T_43.jpg,T
P_69.jpg,P
R_133.jpg,R
H_70.JPG,H
F_155.jpg,F
P_186.JPG,P
9_112.jpg,9
J_158.jpg,J
M_205.JPG,M
1_13.jpg,1
U_10.jpg,U
D_33.jpg,D
G_38.jpg,G
Q_115.jpg,Q
I_216.JPG,I
B_91.jpg,B
R_114.jpg,R
T_132.jpg,T
K_96.jpg,K
N_13.jpg,N
4_19.jpg,4
Z_201.JPG,Z
S_220.jpg,S
U_91.jpg,U
V_125.jpg,V
T_53.jpg,T
J_52.jpg,J
Q_135.jpg,Q
2_100.jpg,2
1_116.jpg,1
D_116.jpg,D
R_140.jpg,R
2_47.jpg,2
3_186.JPG,3
1_141.JPG,1
X_49.jpg,X
F_156.jpg,F
G_83.jpg,G
7_170.jpg,7
A_85.jpg,A
L_7.jpg,L
7_26.jpg,7
L_153.JPG,L
6_83.jpg,6
Q_9.jpg,Q
N_141.JPG,N
6_168.jpg,6
7_193.jpg,7
V_88.jpg,V
7_172.jpg,7
F_57.jpg,F
Z_17.jpg,Z
T_140.jpg,T
T_168.jpg,T
R_102.jpg,R
W_116.jpg,W
J_145.jpg,J
Z_36.jpg,Z
G_124.jpg,G
5_131.jpg,5
3_11.jpg,3
S_102.jpg,S
I_97.jpg,I
X_173.JPG,X
K_23.jpg,K
L_59.jpg,L
5_10.jpg,5
T_127.jpg,T
O_192.JPG,O
B_92.jpg,B
7_69.jpg,7
Z_46.jpg,Z
K_61.jpg,K
W_141.jpg,W
O_61.JPG,O
8_118.JPG,8
E_204.jpg,E
3_6.jpg,3
N_217.JPG,N
4_44.jpg,4
D_149.jpg,D
V_45.jpg,V
C_51.jpg,C
0_70.jpg,0
5_17.jpg,5
T_108.jpg,T
M_20.jpg,M
C_114.jpg,C
M_230.JPG,M
M_233.JPG,M
E_105.jpg,E
V_176.jpg,V
N_106.JPG,N
K_182.jpg,K
3_187.JPG,3
O_32.jpg,O
O_186.JPG,O
Q_151.jpg,Q
Z_118.jpg,Z
R_105.jpg,R
3_93.jpg,3
U_32.jpg,U
A_45.jpg,A
S_22.jpg,S
C_36.jpg,C
A_14.jpg,A
9_6.jpg,9
7_48.jpg,7
F_141.jpg,F
4_4.jpg,4
2_125.jpg,2
C_28.jpg,C
M_62.jpg,M
4_185.jpg,4
3_211.JPG,3
3_213.JPG,3
8_14.jpg,8
W_143.jpg,W
W_59.jpg,W
F_15.jpg,F
E_52.jpg,E
G_192.jpg,G
R_8.jpg,R
Q_78.jpg,Q
T_62.jpg,T
O_183.JPG,O
T_144.jpg,T
G_201.jpg,G
K_105.jpg,K
1_167.JPG,1
X_152.JPG,X
N_43.jpg,N
Q_142.jpg,Q
3_200.JPG,3
7_30.jpg,7
L_102.JPG,L
5_104.jpg,5
N_216.JPG,N
9_31.jpg,9
K_133.jpg,K
Q_83.jpg,Q
5_49.jpg,5
F_59.jpg,F
5_192.jpg,5
P_142.JPG,P
A_158.jpg,A
H_128.JPG,H
4_27.jpg,4
I_163.JPG,I
R_39.jpg,R
5_3.jpg,5
N_113.JPG,N
R_157.jpg,R
4_191.jpg,4
C_94.jpg,C
5_128.jpg,5
U_257.jpg,U
S_90.jpg,S
P_68.jpg,P
7_128.jpg,7
8_115.JPG,8
3_150.jpg,3
2_133.jpg,2
L_181.JPG,L
J_163.jpg,J
3_77.jpg,3
C_17.jpg,C
3_238.JPG,3
3_176.JPG,3
9_54.jpg,9
5_116.jpg,5
M_207.JPG,M
A_120.jpg,A
I_95.jpg,I
3_38.jpg,3
M_224.JPG,M
0_37.jpg,0
3_226.JPG,3
E_85.jpg,E
L_130.JPG,L
I_56.jpg,I
5_79.jpg,5
3_138.jpg,3
N_266.JPG,N
R_74.jpg,R
Z_85.jpg,Z
K_113.jpg,K
R_17.jpg,R
I_69.jpg,I
E_48.jpg,E
E_65.jpg,E
Z_27.jpg,Z
V_14.jpg,V
G_230.jpg,G
Z_103.jpg,Z
M_229.JPG,M
R_101.jpg,R
B_161.jpg,B
6_149.jpg,6
I_91.jpg,I
Z_123.jpg,Z
P_76.jpg,P
R_4.jpg,R
D_83.jpg,D
F_61.jpg,F
S_27.jpg,S
P_45.jpg,P
S_228.jpg,S
I_53.jpg,I
Z_184.JPG,Z
Q_127.jpg,Q
M_206.JPG,M
F_154.jpg,F
L_108.JPG,L
3_257.JPG,3
D_80.jpg,D
A_64.jpg,A
X_52.jpg,X
M_193.JPG,M
L_37.jpg,L
4_136.jpg,4
S_56.jpg,S
H_51.JPG,H
T_93.jpg,T
P_155.JPG,P
G_142.jpg,G
1_194.JPG,1
S_267.jpg,S
8_56.jpg,8
F_27.jpg,F
Z_2.jpg,Z
7_97.jpg,7
A_72.jpg,A
P_79.jpg,P
V_174.jpg,V
O_8.jpg,O
L_97.JPG,L
H_247.JPG,H
1_16.jpg,1
8_81.jpg,8
8_147.JPG,8
A_63.jpg,A
Z_116.jpg,Z
T_134.jpg,T
Z_165.JPG,Z
8_156.JPG,8
G_53.jpg,G
X_63.jpg,X
R_85.jpg,R
3_183.JPG,3
7_116.jpg,7
S_60.jpg,S
B_21.jpg,B
O_46.jpg,O
E_36.jpg,E
8_151.JPG,8
Q_91.jpg,Q
4_194.jpg,4
T_107.jpg,T
9_120.jpg,9
1_69.jpg,1
P_107.jpg,P
0_57.jpg,0
G_58.jpg,G
G_147.jpg,G
Y_167.jpg,Y
2_159.jpg,2
U_77.jpg,U
S_31.jpg,S
2_1.jpg,2
G_48.jpg,G
E_156.jpg,E
0_118.JPG,0
4_57.jpg,4
A_79.jpg,A
G_163.jpg,G
K_37.jpg,K
5_201.jpg,5
9_99.jpg,9
B_57.jpg,B
L_119.JPG,L
5_145.jpg,5
I_142.JPG,I
Q_41.jpg,Q
Q_137.jpg,Q
7_61.jpg,7
C_74.jpg,C
X_129.jpg,X
W_19.jpg,W
K_91.jpg,K
K_80.jpg,K
3_32.jpg,3
O_28.jpg,O
G_197.jpg,G
L_57.jpg,L
C_24.jpg,C
H_256.JPG,H
M_242.JPG,M
V_68.jpg,V
R_98.jpg,R
R_56.jpg,R
0_168.JPG,0
M_161.JPG,M
M_239.JPG,M
E_75.jpg,E
5_176.jpg,5
G_78.jpg,G
M_23.jpg,M
Y_142.jpg,Y
I_183.JPG,I
5_168.jpg,5
D_6.jpg,D
I_46.jpg,I
O_35.jpg,O
Q_108.jpg,Q
6_114.jpg,6
L_107.JPG,L
Y_61.jpg,Y
L_180.JPG,L
J_120.jpg,J
N_183.JPG,N
J_102.jpg,J
J_68.jpg,J
C_39.jpg,C
K_60.jpg,K
A_51.jpg,A
S_234.jpg,S
W_86.jpg,W
F_100.jpg,F
B_105.jpg,B
4_170.jpg,4
E_190.jpg,E
V_105.jpg,V
D_44.jpg,D
5_87.jpg,5
